timestamp,amount
datetime,float
T,
2017-08-24 03:19:52,149.62
2017-08-24 03:19:52,2.69
2017-08-24 03:19:52,378.66
2017-08-24 03:19:52,123.5
2017-08-24 03:19:52,69.99
2017-08-24 03:19:52,3.67
2017-08-24 03:19:52,4.99
2017-08-24 03:19:52,40.8
2017-08-24 03:19:52,93.2
2017-08-24 03:19:52,3.68
2017-08-24 03:19:52,7.8
2017-08-24 03:19:52,9.99
2017-08-24 03:19:52,121.5
2017-08-24 03:19:52,27.5
2017-08-24 03:19:52,58.8
2017-08-24 03:19:52,15.99
2017-08-24 03:19:52,12.99
2017-08-24 03:19:52,0.89
2017-08-24 03:19:52,46.8
2017-08-24 03:19:52,5
2017-08-24 03:19:52,231.71
2017-08-24 03:19:52,34.09
2017-08-24 03:19:52,2.28
2017-08-24 03:19:52,22.75
2017-08-24 03:19:52,0.89
2017-08-24 03:19:52,26.43
2017-08-24 03:19:52,41.88
2017-08-24 03:19:52,16
2017-08-24 03:19:52,33
2017-08-24 03:19:52,12.99
2017-08-24 03:19:52,17.28
2017-08-24 03:19:52,4.45
2017-08-24 03:19:52,6.14
2017-08-24 03:19:52,6.14
2017-08-24 03:19:52,1.77
2017-08-24 03:19:52,1.77
2017-08-24 03:19:52,30.49
2017-08-24 03:19:52,1.8
2017-08-24 03:19:52,20.53
2017-08-24 03:19:52,6.54
2017-08-24 03:19:52,29.89
2017-08-24 03:19:52,2.35
2017-08-24 03:19:52,14.8
2017-08-24 03:19:52,9.1
2017-08-24 03:19:52,15.99
2017-08-24 03:19:52,21.34
2017-08-24 03:19:52,18.95
2017-08-24 03:19:52,9.99
2017-08-24 03:19:52,30.9
2017-08-24 03:19:52,20.22
2017-08-24 03:19:52,0.99
2017-08-24 03:19:52,1402.95
2017-08-24 03:19:52,7.99
2017-08-24 03:19:52,2.09
2017-08-24 03:19:52,0.99
2017-08-24 03:19:52,21.76
2017-08-24 03:19:52,120.96
2017-08-24 03:19:52,13.84
2017-08-24 03:19:52,13.84
2017-08-24 03:19:52,2.67
2017-08-24 03:19:52,169.05
2017-08-24 03:19:52,96.94
2017-08-24 03:19:52,34.13
2017-08-24 03:19:52,32.51
2017-08-24 03:19:52,243.66
2017-08-24 03:19:52,21.55
2017-08-24 03:19:52,59.9
2017-08-24 03:19:52,0.75
2017-08-24 03:19:52,45.71
2017-08-24 03:19:52,35
2017-08-24 03:19:52,67.97
2017-08-24 03:19:52,11.45
2017-08-24 03:19:52,3.63
2017-08-24 03:19:52,21.66
2017-08-24 03:19:52,26.72
2017-08-24 03:19:52,13.18
2017-08-24 03:19:52,59.99
2017-08-24 03:19:52,135.51
2017-08-24 03:19:52,9.79
2017-08-24 03:19:52,14.8
2017-08-24 03:19:52,1.98
2017-08-24 03:19:52,6.67
2017-08-24 03:19:52,1.46
2017-08-24 03:19:52,89.17
2017-08-24 03:19:52,7.53
2017-08-24 03:19:52,200.01
2017-08-24 03:19:52,0.76
2017-08-24 03:19:52,20.22
2017-08-24 03:19:52,10.84
2017-08-24 03:19:52,1142.02
2017-08-24 03:19:52,149.9
2017-08-24 03:19:51,89.4
2017-08-24 03:19:51,26.72
2017-08-24 03:19:51,5.99
2017-08-24 03:19:51,34.7
2017-08-24 03:19:51,54.99
2017-08-24 03:19:51,7.55
2017-08-24 03:19:51,19.85
2017-08-24 03:19:51,28.28
2017-08-24 03:19:51,15.99
2017-08-24 03:19:51,2.69
2017-08-24 03:19:51,22.36
2017-08-24 03:19:51,0.78
2017-08-24 03:19:51,168.56
2017-08-24 03:19:51,0.76
2017-08-24 03:19:51,9.47
2017-08-24 03:19:51,21.8
2017-08-24 03:19:51,14.48
2017-08-24 03:19:51,1
2017-08-24 03:19:51,1
2017-08-24 03:19:51,70.6
2017-08-24 03:19:51,19.77
2017-08-24 03:19:51,1.18
2017-08-24 03:19:51,1.18
2017-08-24 03:19:51,1.18
2017-08-24 03:19:51,1.18
2017-08-24 03:19:51,81.13
2017-08-24 03:19:51,50
2017-08-24 03:19:51,86.43
2017-08-24 03:19:51,11.83
2017-08-24 03:19:51,49.95
2017-08-24 03:19:51,9.12
2017-08-24 03:19:51,104.94
2017-08-24 03:19:51,4.68
2017-08-24 03:19:51,62.92
2017-08-24 03:19:51,18.31
2017-08-24 03:19:51,80
2017-08-24 03:19:51,32.51
2017-08-24 03:19:51,39.95
2017-08-24 03:19:51,68.74
2017-08-24 03:19:51,79
2017-08-24 03:19:51,5.9
2017-08-24 03:19:51,7.69
2017-08-24 03:19:51,79.91
2017-08-24 03:19:51,552.18
2017-08-24 03:19:51,67.3
2017-08-24 03:19:51,21.97
2017-08-24 03:19:51,4.99
2017-08-24 03:19:51,11.99
2017-08-24 03:19:51,124.67
2017-08-24 03:19:51,919.6
2017-08-24 03:19:51,30.9
2017-08-24 03:19:51,459.39
2017-08-24 03:19:51,37.13
2017-08-24 03:19:51,1.98
2017-08-24 03:19:51,15.89
2017-08-24 03:19:51,8.95
2017-08-24 03:19:51,268.78
2017-08-24 03:19:51,2.99
2017-08-24 03:19:51,322.44
2017-08-24 03:19:51,937.69
2017-08-24 03:19:51,69
2017-08-24 03:19:51,2.28
2017-08-24 03:19:51,7.21
2017-08-24 03:19:51,1.29
2017-08-24 03:19:51,17.8
2017-08-24 03:19:51,14.98
2017-08-24 03:19:51,159
2017-08-24 03:19:51,142.71
2017-08-24 03:19:51,84.39
2017-08-24 03:19:51,182.95
2017-08-24 03:19:51,23.27
2017-08-24 03:19:51,9.99
2017-08-24 03:19:51,4.19
2017-08-24 03:19:51,3828.04
2017-08-24 03:19:51,35.97
2017-08-24 03:19:51,1
2017-08-24 03:19:51,24.57
2017-08-24 03:19:51,1
2017-08-24 03:19:51,148.43
2017-08-24 03:19:51,25.8
2017-08-24 03:19:51,110.4
2017-08-24 03:19:51,13.95
2017-08-24 03:19:51,9.99
2017-08-24 03:19:51,937.69
2017-08-24 03:19:51,54.99
2017-08-24 03:19:51,31.17
2017-08-24 03:19:51,23.88
2017-08-24 03:19:51,4.49
2017-08-24 03:19:51,137
2017-08-24 03:19:51,37.89
2017-08-24 03:19:51,82.29
2017-08-24 03:19:51,2.69
2017-08-24 03:19:51,20
2017-08-24 03:19:50,29.99
2017-08-24 03:19:50,40
2017-08-24 03:19:50,160.86
2017-08-24 03:19:50,8.93
2017-08-24 03:19:50,6.24
2017-08-24 03:19:50,230
2017-08-24 03:19:50,43.71
2017-08-24 03:19:50,165.55
2017-08-24 03:19:50,113
2017-08-24 03:19:50,1.54
2017-08-24 03:19:50,10
2017-08-24 03:19:50,8.8
2017-08-24 03:19:50,5.97
2017-08-24 03:19:50,15.93
2017-08-24 03:19:50,10
2017-08-24 03:19:50,3.87
2017-08-24 03:19:50,10
2017-08-24 03:19:50,35.97
2017-08-24 03:19:50,22.37
2017-08-24 03:19:50,4.57
2017-08-24 03:19:50,23.57
2017-08-24 03:19:50,13.99
2017-08-24 03:19:50,226.07
2017-08-24 03:19:50,148.81
2017-08-24 03:19:50,58
2017-08-24 03:19:50,1.29
2017-08-24 03:19:50,65
2017-08-24 03:19:50,11
2017-08-24 03:19:50,257.3
2017-08-24 03:19:50,169
2017-08-24 03:19:50,9.9
2017-08-24 03:19:50,9.99
2017-08-24 03:19:50,4.9
2017-08-24 03:19:50,39.95
2017-08-24 03:19:50,15.36
2017-08-24 03:19:50,9.9
2017-08-24 03:19:50,6
2017-08-24 03:19:50,6
2017-08-24 03:19:50,6.74
2017-08-24 03:19:50,6.74
2017-08-24 03:19:50,170.43
2017-08-24 03:19:50,0.89
2017-08-24 03:19:50,0.89
2017-08-24 03:19:50,614.87
2017-08-24 03:19:50,22.99
2017-08-24 03:19:50,71.26
2017-08-24 03:19:50,127.69
2017-08-24 03:19:50,1.98
2017-08-24 03:19:50,6.45
2017-08-24 03:19:50,1.29
2017-08-24 03:19:50,184.31
2017-08-24 03:19:50,500
2017-08-24 03:19:50,10
2017-08-24 03:19:50,1.79
2017-08-24 03:19:50,10
2017-08-24 03:19:50,20
2017-08-24 03:19:50,700
2017-08-24 03:19:50,22
2017-08-24 03:19:50,2.28
2017-08-24 03:19:50,65.26
2017-08-24 03:19:50,0.99
2017-08-24 03:19:50,1
2017-08-24 03:19:50,44.2
2017-08-24 03:19:50,5.42
2017-08-24 03:19:50,42.9
2017-08-24 03:19:50,355.51
2017-08-24 03:19:50,0.89
2017-08-24 03:19:50,71.69
2017-08-24 03:19:50,2.29
2017-08-24 03:19:50,1.29
2017-08-24 03:19:50,27.99
2017-08-24 03:19:49,23.63
2017-08-24 03:19:49,48
2017-08-24 03:19:49,318.5
2017-08-24 03:19:49,6.47
2017-08-24 03:19:49,224.97
2017-08-24 03:19:49,75.83
2017-08-24 03:19:49,1.98
2017-08-24 03:19:49,1.98
2017-08-24 03:19:49,4.65
2017-08-24 03:19:49,23.32
2017-08-24 03:19:49,8.09
2017-08-24 03:19:49,82.29
2017-08-24 03:19:49,99.95
2017-08-24 03:19:49,20
2017-08-24 03:19:49,127.75
2017-08-24 03:19:49,20.7
2017-08-24 03:19:49,1.79
2017-08-24 03:19:49,37.2
2017-08-24 03:19:49,1
2017-08-24 03:19:49,32.77
2017-08-24 03:19:49,5.99
2017-08-24 03:19:49,0.89
2017-08-24 03:19:49,63.9
2017-08-24 03:19:49,6.45
2017-08-24 03:19:49,61.18
2017-08-24 03:19:49,9.99
2017-08-24 03:19:49,196.7
2017-08-24 03:19:49,79
2017-08-24 03:19:49,137.3
2017-08-24 03:19:49,39.94
2017-08-24 03:19:49,1.98
2017-08-24 03:19:49,12.99
2017-08-24 03:19:49,153.91
2017-08-24 03:19:49,101
2017-08-24 03:19:49,10.27
2017-08-24 03:19:49,8.97
2017-08-24 03:19:49,1.19
2017-08-24 03:19:49,45
2017-08-24 03:19:49,95.56
2017-08-24 03:19:49,13.99
2017-08-24 03:19:49,12.99
2017-08-24 03:19:49,526.96
2017-08-24 03:19:49,70
2017-08-24 03:19:49,4.38
2017-08-24 03:19:49,12.99
2017-08-24 03:19:49,24
2017-08-24 03:19:49,1
2017-08-24 03:19:49,17.56
2017-08-24 03:19:49,12.99
2017-08-24 03:19:49,18.96
2017-08-24 03:19:49,22.58
2017-08-24 03:19:49,99.82
2017-08-24 03:19:49,25.36
2017-08-24 03:19:49,7.81
2017-08-24 03:19:49,18.61
2017-08-24 03:19:49,49.99
2017-08-24 03:19:49,17.24
2017-08-24 03:19:49,34
2017-08-24 03:19:49,35.11
2017-08-24 03:19:49,1
2017-08-24 03:19:49,29.95
2017-08-24 03:19:49,45.3
2017-08-24 03:19:49,79.18
2017-08-24 03:19:49,26.98
2017-08-24 03:19:49,1.98
2017-08-24 03:19:49,42.81
2017-08-24 03:19:49,25
2017-08-24 03:19:49,0.99
2017-08-24 03:19:49,7.14
2017-08-24 03:19:49,9.99
2017-08-24 03:19:49,32.51
2017-08-24 03:19:49,8.99
2017-08-24 03:19:49,10
2017-08-24 03:19:48,10.62
2017-08-24 03:19:48,4.81
2017-08-24 03:19:48,12.2
2017-08-24 03:19:48,12.31
2017-08-24 03:19:48,2.69
2017-08-24 03:19:48,100.37
2017-08-24 03:19:48,1.5
2017-08-24 03:19:48,1.98
2017-08-24 03:19:48,2.98
2017-08-24 03:19:48,18.94
2017-08-24 03:19:48,10
2017-08-24 03:19:48,13.28
2017-08-24 03:19:48,5.96
2017-08-24 03:19:48,31.8
2017-08-24 03:19:48,120
2017-08-24 03:19:48,24
2017-08-24 03:19:48,231.71
2017-08-24 03:19:48,13.53
2017-08-24 03:19:48,18.45
2017-08-24 03:19:48,1.98
2017-08-24 03:19:48,13.79
2017-08-24 03:19:48,20.17
2017-08-24 03:19:48,9.99
2017-08-24 03:19:48,55.45
2017-08-24 03:19:48,0.99
2017-08-24 03:19:48,26.5
2017-08-24 03:19:48,99
2017-08-24 03:19:48,5.46
2017-08-24 03:19:48,1.98
2017-08-24 03:19:48,49.99
2017-08-24 03:19:48,24.84
2017-08-24 03:19:48,13.08
2017-08-24 03:19:48,9.03
2017-08-24 03:19:48,1
2017-08-24 03:19:48,10.35
2017-08-24 03:19:48,14.9
2017-08-24 03:19:48,154.4
2017-08-24 03:19:48,122.36
2017-08-24 03:19:48,2.28
2017-08-24 03:19:48,6.54
2017-08-24 03:19:48,2.6
2017-08-24 03:19:48,6.47
2017-08-24 03:19:48,52.95
2017-08-24 03:19:48,0.89
2017-08-24 03:19:48,5.99
2017-08-24 03:19:48,208.38
2017-08-24 03:19:48,32.51
2017-08-24 03:19:48,6.51
2017-08-24 03:19:48,18
2017-08-24 03:19:48,1.98
2017-08-24 03:19:48,70.33
2017-08-24 03:19:48,2.69
2017-08-24 03:19:48,19.29
2017-08-24 03:19:48,8.99
2017-08-24 03:19:48,109.15
2017-08-24 03:19:48,0
2017-08-24 03:19:48,27
2017-08-24 03:19:48,2
2017-08-24 03:19:48,11.64
2017-08-24 03:19:48,94.5
2017-08-24 03:19:48,2.31
2017-08-24 03:19:48,7.89
2017-08-24 03:19:48,1
2017-08-24 03:19:48,11.99
2017-08-24 03:19:48,302.1
2017-08-24 03:19:48,30.3
2017-08-24 03:19:48,8.99
2017-08-24 03:19:48,160
2017-08-24 03:19:48,380.95
2017-08-24 03:19:48,156.98
2017-08-24 03:19:48,6.54
2017-08-24 03:19:48,74.47
2017-08-24 03:19:48,30.5
2017-08-24 03:19:48,85
2017-08-24 03:19:48,67.36
2017-08-24 03:19:48,101
2017-08-24 03:19:48,4.45
2017-08-24 03:19:48,23.88
2017-08-24 03:19:48,5
2017-08-24 03:19:48,73
2017-08-24 03:19:48,33.33
2017-08-24 03:19:48,6.86
2017-08-24 03:19:48,54.75
2017-08-24 03:19:48,6.2
2017-08-24 03:19:48,12.31
2017-08-24 03:19:48,13.99
2017-08-24 03:19:48,36
2017-08-24 03:19:47,1.91
2017-08-24 03:19:47,90
2017-08-24 03:19:47,9.99
2017-08-24 03:19:47,2.95
2017-08-24 03:19:47,90
2017-08-24 03:19:47,1.98
2017-08-24 03:19:47,379.63
2017-08-24 03:19:47,52.9
2017-08-24 03:19:47,9.97
2017-08-24 03:19:47,60
2017-08-24 03:19:47,1
2017-08-24 03:19:47,14.6
2017-08-24 03:19:47,7.8
2017-08-24 03:19:47,22.09
2017-08-24 03:19:47,222.5
2017-08-24 03:19:47,11.5
2017-08-24 03:19:47,8.58
2017-08-24 03:19:47,140.6
2017-08-24 03:19:47,493.44
2017-08-24 03:19:47,33.26
2017-08-24 03:19:47,15.08
2017-08-24 03:19:47,68
2017-08-24 03:19:47,11.46
2017-08-24 03:19:47,69.99
2017-08-24 03:19:47,19.99
2017-08-24 03:19:47,7.69
2017-08-24 03:19:47,10
2017-08-24 03:19:47,1.79
2017-08-24 03:19:47,9.99
2017-08-24 03:19:47,29.56
2017-08-24 03:19:47,0.77
2017-08-24 03:19:47,52
2017-08-24 03:19:47,0.89
2017-08-24 03:19:47,17.24
2017-08-24 03:19:47,36.71
2017-08-24 03:19:47,2.5
2017-08-24 03:19:47,55.76
2017-08-24 03:19:47,32.38
2017-08-24 03:19:47,0.89
2017-08-24 03:19:47,11.34
2017-08-24 03:19:47,75
2017-08-24 03:19:47,216
2017-08-24 03:19:47,1.03
2017-08-24 03:19:47,4.8
2017-08-24 03:19:47,7.72
2017-08-24 03:19:47,2
2017-08-24 03:19:47,98
2017-08-24 03:19:47,47
2017-08-24 03:19:47,0.99
2017-08-24 03:19:47,22
2017-08-24 03:19:47,62.63
2017-08-24 03:19:47,197.63
2017-08-24 03:19:47,75.83
2017-08-24 03:19:47,456.71
2017-08-24 03:19:47,6
2017-08-24 03:19:47,5
2017-08-24 03:19:47,10.99
2017-08-24 03:19:47,204.03
2017-08-24 03:19:47,3.99
2017-08-24 03:19:47,12.99
2017-08-24 03:19:47,13.99
2017-08-24 03:19:47,2.67
2017-08-24 03:19:47,12.87
2017-08-24 03:19:47,611.76
2017-08-24 03:19:47,2.31
2017-08-24 03:19:47,11.38
2017-08-24 03:19:47,23.88
2017-08-24 03:19:47,2.61
2017-08-24 03:19:47,19.64
2017-08-24 03:19:47,20.48
2017-08-24 03:19:47,105.87
2017-08-24 03:19:47,15
2017-08-24 03:19:47,0.75
2017-08-24 03:19:47,17.43
2017-08-24 03:19:47,41.64
2017-08-24 03:19:47,1.29
2017-08-24 03:19:46,0.89
2017-08-24 03:19:46,79
2017-08-24 03:19:46,37.92
2017-08-24 03:19:46,74.22
2017-08-24 03:19:46,0.68
2017-08-24 03:19:46,9.99
2017-08-24 03:19:46,97.47
2017-08-24 03:19:46,1.29
2017-08-24 03:19:46,1.98
2017-08-24 03:19:46,1.98
2017-08-24 03:19:46,1
2017-08-24 03:19:46,32.63
2017-08-24 03:19:46,1.98
2017-08-24 03:19:46,4.79
2017-08-24 03:19:46,10.29
2017-08-24 03:19:46,1.79
2017-08-24 03:19:46,29.18
2017-08-24 03:19:46,12.89
2017-08-24 03:19:46,4.45
2017-08-24 03:19:46,11.39
2017-08-24 03:19:46,40.83
2017-08-24 03:19:46,85.25
2017-08-24 03:19:46,881.13
2017-08-24 03:19:46,0
2017-08-24 03:19:46,9.99
2017-08-24 03:19:46,45.38
2017-08-24 03:19:46,17.99
2017-08-24 03:19:46,16
2017-08-24 03:19:46,510.22
2017-08-24 03:19:46,1
2017-08-24 03:19:46,575.33
2017-08-24 03:19:46,10
2017-08-24 03:19:46,12.99
2017-08-24 03:19:46,9.99
2017-08-24 03:19:46,8.93
2017-08-24 03:19:46,29.95
2017-08-24 03:19:46,27.7
2017-08-24 03:19:46,82.29
2017-08-24 03:19:46,64.04
2017-08-24 03:19:46,1
2017-08-24 03:19:46,1.55
2017-08-24 03:19:46,15.19
2017-08-24 03:19:46,0.01
2017-08-24 03:19:46,0
2017-08-24 03:19:46,411.88
2017-08-24 03:19:46,52.4
2017-08-24 03:19:46,15
2017-08-24 03:19:46,0.99
2017-08-24 03:19:46,27.13
2017-08-24 03:19:46,0
2017-08-24 03:19:46,1.98
2017-08-24 03:19:46,46.68
2017-08-24 03:19:46,146.25
2017-08-24 03:19:46,7.3
2017-08-24 03:19:46,0.77
2017-08-24 03:19:46,72
2017-08-24 03:19:46,56.09
2017-08-24 03:19:46,39.77
2017-08-24 03:19:46,0.89
2017-08-24 03:19:46,235.7
2017-08-24 03:19:46,10
2017-08-24 03:19:46,40
2017-08-24 03:19:46,57.5
2017-08-24 03:19:46,30
2017-08-24 03:19:46,29.99
2017-08-24 03:19:46,1
2017-08-24 03:19:46,24.02
2017-08-24 03:19:46,8.61
2017-08-24 03:19:46,29.99
2017-08-24 03:19:46,0.89
2017-08-24 03:19:45,10.69
2017-08-24 03:19:45,12.41
2017-08-24 03:19:45,1
2017-08-24 03:19:45,60.92
2017-08-24 03:19:45,43.34
2017-08-24 03:19:45,3.75
2017-08-24 03:19:45,3.59
2017-08-24 03:19:45,16.19
2017-08-24 03:19:45,4.95
2017-08-24 03:19:45,11.36
2017-08-24 03:19:45,12.98
2017-08-24 03:19:45,539.17
2017-08-24 03:19:45,246.96
2017-08-24 03:19:45,10
2017-08-24 03:19:45,0
2017-08-24 03:19:45,2.31
2017-08-24 03:19:45,30
2017-08-24 03:19:45,102.13
2017-08-24 03:19:45,22.03
2017-08-24 03:19:45,34.27
2017-08-24 03:19:45,5.31
2017-08-24 03:19:45,25.03
2017-08-24 03:19:45,15.8
2017-08-24 03:19:45,2
2017-08-24 03:19:45,8.49
2017-08-24 03:19:45,3.67
2017-08-24 03:19:45,0.77
2017-08-24 03:19:45,9.27
2017-08-24 03:19:45,50
2017-08-24 03:19:45,2.23
2017-08-24 03:19:45,77.98
2017-08-24 03:19:45,46.77
2017-08-24 03:19:45,399.07
2017-08-24 03:19:45,17.99
2017-08-24 03:19:45,64
2017-08-24 03:19:45,11.99
2017-08-24 03:19:45,10.2
2017-08-24 03:19:45,75.65
2017-08-24 03:19:45,49.98
2017-08-24 03:19:45,92.91
2017-08-24 03:19:45,9.65
2017-08-24 03:19:45,1.98
2017-08-24 03:19:45,121.48
2017-08-24 03:19:45,2.72
2017-08-24 03:19:45,13
2017-08-24 03:19:45,2.99
2017-08-24 03:19:45,6.99
2017-08-24 03:19:45,50.78
2017-08-24 03:19:45,13.49
2017-08-24 03:19:45,79
2017-08-24 03:19:45,2.85
2017-08-24 03:19:45,13.99
2017-08-24 03:19:45,55
2017-08-24 03:19:45,37.57
2017-08-24 03:19:45,1
2017-08-24 03:19:45,11.99
2017-08-24 03:19:45,1.48
2017-08-24 03:19:45,7.69
2017-08-24 03:19:45,20
2017-08-24 03:19:45,48
2017-08-24 03:19:45,529
2017-08-24 03:19:45,0.92
2017-08-24 03:19:45,17.57
2017-08-24 03:19:45,59.88
2017-08-24 03:19:45,1
2017-08-24 03:19:45,9.51
2017-08-24 03:19:45,1.79
2017-08-24 03:19:45,10
2017-08-24 03:19:45,79
2017-08-24 03:19:45,1
2017-08-24 03:19:44,0.75
2017-08-24 03:19:44,732
2017-08-24 03:19:44,1015.61
2017-08-24 03:19:44,11.5
2017-08-24 03:19:44,20.74
2017-08-24 03:19:44,4.42
2017-08-24 03:19:44,158
2017-08-24 03:19:44,49.9
2017-08-24 03:19:44,1
2017-08-24 03:19:44,99.9
2017-08-24 03:19:44,7.48
2017-08-24 03:19:44,91.76
2017-08-24 03:19:44,8.99
2017-08-24 03:19:44,64.99
2017-08-24 03:19:44,139.75
2017-08-24 03:19:44,3.44
2017-08-24 03:19:44,254.41
2017-08-24 03:19:44,18.45
2017-08-24 03:19:44,9.99
2017-08-24 03:19:44,10
2017-08-24 03:19:44,632.4
2017-08-24 03:19:44,67.94
2017-08-24 03:19:44,54.99
2017-08-24 03:19:44,834.84
2017-08-24 03:19:44,29
2017-08-24 03:19:44,16.5
2017-08-24 03:19:44,50.99
2017-08-24 03:19:44,8.83
2017-08-24 03:19:44,5
2017-08-24 03:19:44,1.98
2017-08-24 03:19:44,22.83
2017-08-24 03:19:44,92.82
2017-08-24 03:19:44,3
2017-08-24 03:19:44,45.56
2017-08-24 03:19:44,268.93
2017-08-24 03:19:44,712.82
2017-08-24 03:19:44,24.9
2017-08-24 03:19:44,2.27
2017-08-24 03:19:44,22.77
2017-08-24 03:19:44,114
2017-08-24 03:19:44,6.99
2017-08-24 03:19:44,8.28
2017-08-24 03:19:44,1.99
2017-08-24 03:19:44,35.93
2017-08-24 03:19:44,8.93
2017-08-24 03:19:44,37.96
2017-08-24 03:19:44,80
2017-08-24 03:19:44,4.69
2017-08-24 03:19:44,7
2017-08-24 03:19:44,1
2017-08-24 03:19:44,64
2017-08-24 03:19:44,36.61
2017-08-24 03:19:44,30.49
2017-08-24 03:19:44,10
2017-08-24 03:19:44,59.9
2017-08-24 03:19:44,4.45
2017-08-24 03:19:44,9.99
2017-08-24 03:19:44,0.89
2017-08-24 03:19:44,69.99
2017-08-24 03:19:44,39.05
2017-08-24 03:19:44,15.19
2017-08-24 03:19:44,42.64
2017-08-24 03:19:44,37.89
2017-08-24 03:19:44,52.05
2017-08-24 03:19:44,59.9
2017-08-24 03:19:44,79.54
2017-08-24 03:19:44,3.71
2017-08-24 03:19:44,25.41
2017-08-24 03:19:44,1.5
2017-08-24 03:19:44,1.98
2017-08-24 03:19:44,9.72
2017-08-24 03:19:44,1
2017-08-24 03:19:44,12
2017-08-24 03:19:44,75.17
2017-08-24 03:19:44,17.99
2017-08-24 03:19:44,291.36
2017-08-24 03:19:44,25
2017-08-24 03:19:44,8.5
2017-08-24 03:19:44,30.41
2017-08-24 03:19:44,15
2017-08-24 03:19:44,0.89
2017-08-24 03:19:44,102
2017-08-24 03:19:44,27.34
2017-08-24 03:19:44,158
2017-08-24 03:19:44,35.64
2017-08-24 03:19:44,1.29
2017-08-24 03:19:44,1
2017-08-24 03:19:43,67.1
2017-08-24 03:19:43,2.98
2017-08-24 03:19:43,11.46
2017-08-24 03:19:43,3.98
2017-08-24 03:19:43,6.85
2017-08-24 03:19:43,1.48
2017-08-24 03:19:43,24.99
2017-08-24 03:19:43,41.96
2017-08-24 03:19:43,30
2017-08-24 03:19:43,530.85
2017-08-24 03:19:43,74.22
2017-08-24 03:19:43,16.83
2017-08-24 03:19:43,2.99
2017-08-24 03:19:43,2.67
2017-08-24 03:19:43,317.25
2017-08-24 03:19:43,23.97
2017-08-24 03:19:43,8.84
2017-08-24 03:19:43,5.95
2017-08-24 03:19:43,986.31
2017-08-24 03:19:43,10.08
2017-08-24 03:19:43,35.95
2017-08-24 03:19:43,11.22
2017-08-24 03:19:43,206.77
2017-08-24 03:19:43,1
2017-08-24 03:19:43,11.45
2017-08-24 03:19:43,3.95
2017-08-24 03:19:43,17.68
2017-08-24 03:19:43,22.24
2017-08-24 03:19:43,9.23
2017-08-24 03:19:43,242.15
2017-08-24 03:19:43,50.2
2017-08-24 03:19:43,8.99
2017-08-24 03:19:43,9.99
2017-08-24 03:19:43,149.9
2017-08-24 03:19:43,0.89
2017-08-24 03:19:43,10.99
2017-08-24 03:19:43,48
2017-08-24 03:19:43,9.99
2017-08-24 03:19:43,12.9
2017-08-24 03:19:43,18.56
2017-08-24 03:19:43,15.25
2017-08-24 03:19:43,9.99
2017-08-24 03:19:43,2.89
2017-08-24 03:19:43,8.98
2017-08-24 03:19:43,158
2017-08-24 03:19:43,12
2017-08-24 03:19:43,131.37
2017-08-24 03:19:43,0.76
2017-08-24 03:19:43,1.29
2017-08-24 03:19:43,26.72
2017-08-24 03:19:43,80
2017-08-24 03:19:43,5.98
2017-08-24 03:19:43,12.36
2017-08-24 03:19:43,13.79
2017-08-24 03:19:43,145.56
2017-08-24 03:19:43,18
2017-08-24 03:19:43,10.77
2017-08-24 03:19:43,4.49
2017-08-24 03:19:43,29.56
2017-08-24 03:19:43,0.01
2017-08-24 03:19:43,275.89
2017-08-24 03:19:43,1
2017-08-24 03:19:43,15
2017-08-24 03:19:43,50
2017-08-24 03:19:43,470.88
2017-08-24 03:19:43,2.69
2017-08-24 03:19:43,11.46
2017-08-24 03:19:43,605.5
2017-08-24 03:19:43,0.99
2017-08-24 03:19:43,55.61
2017-08-24 03:19:42,0.89
2017-08-24 03:19:42,11.98
2017-08-24 03:19:42,2.72
2017-08-24 03:19:42,120.02
2017-08-24 03:19:42,10.8
2017-08-24 03:19:42,79.95
2017-08-24 03:19:42,1.79
2017-08-24 03:19:42,26.57
2017-08-24 03:19:42,10
2017-08-24 03:19:42,134.7
2017-08-24 03:19:42,17.5
2017-08-24 03:19:42,69.99
2017-08-24 03:19:42,15
2017-08-24 03:19:42,11.97
2017-08-24 03:19:42,69.99
2017-08-24 03:19:42,47.85
2017-08-24 03:19:42,59.9
2017-08-24 03:19:42,174.88
2017-08-24 03:19:42,19.98
2017-08-24 03:19:42,99
2017-08-24 03:19:42,8.38
2017-08-24 03:19:42,2.68
2017-08-24 03:19:42,21.5
2017-08-24 03:19:42,12.99
2017-08-24 03:19:42,24.9
2017-08-24 03:19:42,25.99
2017-08-24 03:19:42,105.16
2017-08-24 03:19:42,1.98
2017-08-24 03:19:42,1
2017-08-24 03:19:42,1.78
2017-08-24 03:19:42,9.99
2017-08-24 03:19:42,10.99
2017-08-24 03:19:42,30.5
2017-08-24 03:19:42,56
2017-08-24 03:19:42,4
2017-08-24 03:19:42,223.25
2017-08-24 03:19:42,1.98
2017-08-24 03:19:42,79
2017-08-24 03:19:42,57.64
2017-08-24 03:19:42,16.98
2017-08-24 03:19:42,1
2017-08-24 03:19:42,24.99
2017-08-24 03:19:42,29.35
2017-08-24 03:19:42,68.7
2017-08-24 03:19:42,29.9
2017-08-24 03:19:42,32.51
2017-08-24 03:19:42,29.48
2017-08-24 03:19:42,2.5
2017-08-24 03:19:42,37.99
2017-08-24 03:19:42,4.88
2017-08-24 03:19:42,5.26
2017-08-24 03:19:42,25.98
2017-08-24 03:19:42,54.8
2017-08-24 03:19:42,125.86
2017-08-24 03:19:42,75.93
2017-08-24 03:19:42,589.21
2017-08-24 03:19:42,13.99
2017-08-24 03:19:42,1.79
2017-08-24 03:19:42,114.34
2017-08-24 03:19:42,204
2017-08-24 03:19:42,1.18
2017-08-24 03:19:42,23.43
2017-08-24 03:19:42,8.99
2017-08-24 03:19:42,18.56
2017-08-24 03:19:42,28.14
2017-08-24 03:19:42,0.77
2017-08-24 03:19:42,4.52
2017-08-24 03:19:42,12
2017-08-24 03:19:42,4.95
2017-08-24 03:19:42,1
2017-08-24 03:19:42,4.2
2017-08-24 03:19:42,4.99
2017-08-24 03:19:42,9.9
2017-08-24 03:19:42,0.05
2017-08-24 03:19:42,15.79
2017-08-24 03:19:42,1
2017-08-24 03:19:42,24.9
2017-08-24 03:19:42,1602.99
2017-08-24 03:19:42,8.99
2017-08-24 03:19:42,7.04
2017-08-24 03:19:42,158
2017-08-24 03:19:42,1
2017-08-24 03:19:42,1.78
2017-08-24 03:19:42,8.9
2017-08-24 03:19:42,117.28
2017-08-24 03:19:41,15
2017-08-24 03:19:41,99
2017-08-24 03:19:41,19.54
2017-08-24 03:19:41,60
2017-08-24 03:19:41,73
2017-08-24 03:19:41,0.05
2017-08-24 03:19:41,13.99
2017-08-24 03:19:41,64.63
2017-08-24 03:19:41,47.76
2017-08-24 03:19:41,3.58
2017-08-24 03:19:41,24.9
2017-08-24 03:19:41,3.1
2017-08-24 03:19:41,1.98
2017-08-24 03:19:41,57.7
2017-08-24 03:19:41,17.68
2017-08-24 03:19:41,42.56
2017-08-24 03:19:41,7.95
2017-08-24 03:19:41,0.89
2017-08-24 03:19:41,94.86
2017-08-24 03:19:41,0.05
2017-08-24 03:19:41,22
2017-08-24 03:19:41,0.92
2017-08-24 03:19:41,24.9
2017-08-24 03:19:41,39.05
2017-08-24 03:19:41,32.14
2017-08-24 03:19:41,16.31
2017-08-24 03:19:41,0.89
2017-08-24 03:19:41,15.8
2017-08-24 03:19:41,0.05
2017-08-24 03:19:41,25.39
2017-08-24 03:19:41,24.9
2017-08-24 03:19:41,89.95
2017-08-24 03:19:41,9.99
2017-08-24 03:19:41,287.57
2017-08-24 03:19:41,9.99
2017-08-24 03:19:41,1
2017-08-24 03:19:41,217
2017-08-24 03:19:41,8.91
2017-08-24 03:19:41,53.54
2017-08-24 03:19:41,64.99
2017-08-24 03:19:41,0.05
2017-08-24 03:19:41,60
2017-08-24 03:19:41,10.99
2017-08-24 03:19:41,1.98
2017-08-24 03:19:41,24.9
2017-08-24 03:19:41,0.85
2017-08-24 03:19:41,64
2017-08-24 03:19:41,18
2017-08-24 03:19:41,17.24
2017-08-24 03:19:41,22.61
2017-08-24 03:19:41,18.56
2017-08-24 03:19:41,23.43
2017-08-24 03:19:41,15.38
2017-08-24 03:19:41,171.32
2017-08-24 03:19:41,143.9
2017-08-24 03:19:41,24.38
2017-08-24 03:19:41,1.29
2017-08-24 03:19:41,4.99
2017-08-24 03:19:41,6.55
2017-08-24 03:19:41,1
2017-08-24 03:19:41,25
2017-08-24 03:19:41,9.87
2017-08-24 03:19:41,25
2017-08-24 03:19:41,0
2017-08-24 03:19:41,12.15
2017-08-24 03:19:41,0.77
2017-08-24 03:19:41,13.98
2017-08-24 03:19:41,33.99
2017-08-24 03:19:41,24.95
2017-08-24 03:19:41,0.89
2017-08-24 03:19:41,69.97
2017-08-24 03:19:41,8.99
2017-08-24 03:19:41,5
2017-08-24 03:19:41,9.99
2017-08-24 03:19:41,9.48
2017-08-24 03:19:41,467.74
2017-08-24 03:19:41,8.96
2017-08-24 03:19:41,51.45
2017-08-24 03:19:40,5
2017-08-24 03:19:40,1.46
2017-08-24 03:19:40,5
2017-08-24 03:19:40,767.7
2017-08-24 03:19:40,87.47
2017-08-24 03:19:40,131.95
2017-08-24 03:19:40,179.84
2017-08-24 03:19:40,0.76
2017-08-24 03:19:40,9.44
2017-08-24 03:19:40,8.99
2017-08-24 03:19:40,4.49
2017-08-24 03:19:40,13.94
2017-08-24 03:19:40,1.98
2017-08-24 03:19:40,500
2017-08-24 03:19:40,5.45
2017-08-24 03:19:40,9.95
2017-08-24 03:19:40,0.89
2017-08-24 03:19:40,0.89
2017-08-24 03:19:40,94.65
2017-08-24 03:19:40,10.38
2017-08-24 03:19:40,15.15
2017-08-24 03:19:40,25.3
2017-08-24 03:19:40,1.98
2017-08-24 03:19:40,25.85
2017-08-24 03:19:40,220.28
2017-08-24 03:19:40,9.99
2017-08-24 03:19:40,294.95
2017-08-24 03:19:40,29.99
2017-08-24 03:19:40,8.12
2017-08-24 03:19:40,25.95
2017-08-24 03:19:40,11.98
2017-08-24 03:19:40,16.5
2017-08-24 03:19:40,11.5
2017-08-24 03:19:40,153
2017-08-24 03:19:40,138
2017-08-24 03:19:40,0.1
2017-08-24 03:19:40,1.29
2017-08-24 03:19:40,47.9
2017-08-24 03:19:40,16.18
2017-08-24 03:19:40,82.39
2017-08-24 03:19:40,354.85
2017-08-24 03:19:40,15.37
2017-08-24 03:19:40,5.91
2017-08-24 03:19:40,14.05
2017-08-24 03:19:40,3.9
2017-08-24 03:19:40,1.78
2017-08-24 03:19:40,30
2017-08-24 03:19:40,82.37
2017-08-24 03:19:40,8
2017-08-24 03:19:40,2.69
2017-08-24 03:19:40,2.5
2017-08-24 03:19:40,7.28
2017-08-24 03:19:40,0.99
2017-08-24 03:19:40,2.49
2017-08-24 03:19:40,1
2017-08-24 03:19:40,291.38
2017-08-24 03:19:40,15
2017-08-24 03:19:40,82.39
2017-08-24 03:19:40,792.2
2017-08-24 03:19:40,29.99
2017-08-24 03:19:40,15
2017-08-24 03:19:40,29.95
2017-08-24 03:19:40,1.98
2017-08-24 03:19:40,16.45
2017-08-24 03:19:40,9.99
2017-08-24 03:19:40,62.85
2017-08-24 03:19:40,1
2017-08-24 03:19:40,0.89
2017-08-24 03:19:40,0.76
2017-08-24 03:19:40,39.09
2017-08-24 03:19:40,112.38
2017-08-24 03:19:40,1.98
2017-08-24 03:19:40,1.78
2017-08-24 03:19:40,41.4
2017-08-24 03:19:40,8.94
2017-08-24 03:19:40,78.44
2017-08-24 03:19:40,1528.9
2017-08-24 03:19:40,17.87
2017-08-24 03:19:40,88.88
2017-08-24 03:19:40,29
2017-08-24 03:19:40,237.98
2017-08-24 03:19:40,9.73
2017-08-24 03:19:39,8
2017-08-24 03:19:39,1
2017-08-24 03:19:39,14.2
2017-08-24 03:19:39,5.07
2017-08-24 03:19:39,37.5
2017-08-24 03:19:39,203.83
2017-08-24 03:19:39,5.42
2017-08-24 03:19:39,9.95
2017-08-24 03:19:39,7.69
2017-08-24 03:19:39,11.38
2017-08-24 03:19:39,1.29
2017-08-24 03:19:39,197.16
2017-08-24 03:19:39,52.93
2017-08-24 03:19:39,44.91
2017-08-24 03:19:39,3.37
2017-08-24 03:19:39,25.54
2017-08-24 03:19:39,7.82
2017-08-24 03:19:39,9.31
2017-08-24 03:19:39,0.89
2017-08-24 03:19:39,34.6
2017-08-24 03:19:39,7.99
2017-08-24 03:19:39,1.98
2017-08-24 03:19:39,11.99
2017-08-24 03:19:39,34.9
2017-08-24 03:19:39,34.95
2017-08-24 03:19:39,1
2017-08-24 03:19:39,0
2017-08-24 03:19:39,13
2017-08-24 03:19:39,8.9
2017-08-24 03:19:39,1
2017-08-24 03:19:39,74.64
2017-08-24 03:19:39,352.89
2017-08-24 03:19:39,45.9
2017-08-24 03:19:39,6
2017-08-24 03:19:39,5.35
2017-08-24 03:19:39,9.99
2017-08-24 03:19:39,74.22
2017-08-24 03:19:39,5.8
2017-08-24 03:19:39,8.04
2017-08-24 03:19:39,0
2017-08-24 03:19:39,309
2017-08-24 03:19:39,82.5
2017-08-24 03:19:39,156.04
2017-08-24 03:19:39,128.68
2017-08-24 03:19:39,17.5
2017-08-24 03:19:39,9
2017-08-24 03:19:39,144
2017-08-24 03:19:39,11.5
2017-08-24 03:19:39,186.14
2017-08-24 03:19:39,11.45
2017-08-24 03:19:39,8
2017-08-24 03:19:39,55
2017-08-24 03:19:39,59
2017-08-24 03:19:39,0.89
2017-08-24 03:19:39,56.86
2017-08-24 03:19:39,10
2017-08-24 03:19:39,293.34
2017-08-24 03:19:38,8.99
2017-08-24 03:19:38,6.1
2017-08-24 03:19:38,6.99
2017-08-24 03:19:38,14.99
2017-08-24 03:19:38,0.46
2017-08-24 03:19:38,1
2017-08-24 03:19:38,201.1
2017-08-24 03:19:38,1.49
2017-08-24 03:19:38,8.97
2017-08-24 03:19:38,1
2017-08-24 03:19:38,2.34
2017-08-24 03:19:38,21.03
2017-08-24 03:19:38,196.46
2017-08-24 03:19:38,23.9
2017-08-24 03:19:38,2.49
2017-08-24 03:19:38,1.79
2017-08-24 03:19:38,13.27
2017-08-24 03:19:38,10
2017-08-24 03:19:38,418.48
2017-08-24 03:19:38,15
2017-08-24 03:19:38,1
2017-08-24 03:19:38,1.98
2017-08-24 03:19:38,148.59
2017-08-24 03:19:38,128
2017-08-24 03:19:38,188
2017-08-24 03:19:38,102.9
2017-08-24 03:19:38,17.28
2017-08-24 03:19:38,7.8
2017-08-24 03:19:38,1
2017-08-24 03:19:38,28.9
2017-08-24 03:19:38,15.3
2017-08-24 03:19:38,8.99
2017-08-24 03:19:38,15.17
2017-08-24 03:19:38,6.56
2017-08-24 03:19:38,158
2017-08-24 03:19:38,7.19
2017-08-24 03:19:38,1
2017-08-24 03:19:38,7.69
2017-08-24 03:19:38,13.31
2017-08-24 03:19:38,20.53
2017-08-24 03:19:38,8.9
2017-08-24 03:19:38,18.8
2017-08-24 03:19:38,69.7
2017-08-24 03:19:38,19.51
2017-08-24 03:19:38,93.82
2017-08-24 03:19:38,107.9
2017-08-24 03:19:38,7.65
2017-08-24 03:19:38,139.95
2017-08-24 03:19:38,1.29
2017-08-24 03:19:38,158
2017-08-24 03:19:38,21.98
2017-08-24 03:19:38,6.95
2017-08-24 03:19:38,135.98
2017-08-24 03:19:38,4.04
2017-08-24 03:19:38,13.27
2017-08-24 03:19:38,14.81
2017-08-24 03:19:38,158
2017-08-24 03:19:38,1
2017-08-24 03:19:38,38
2017-08-24 03:19:38,2.72
2017-08-24 03:19:38,158
2017-08-24 03:19:38,42.35
2017-08-24 03:19:38,1
2017-08-24 03:19:38,57
2017-08-24 03:19:38,268.13
2017-08-24 03:19:37,89.9
2017-08-24 03:19:37,1
2017-08-24 03:19:37,75.13
2017-08-24 03:19:37,0.89
2017-08-24 03:19:37,22.79
2017-08-24 03:19:37,2.69
2017-08-24 03:19:37,136.3
2017-08-24 03:19:37,16.99
2017-08-24 03:19:37,6.74
2017-08-24 03:19:37,89.46
2017-08-24 03:19:37,51.67
2017-08-24 03:19:37,5.47
2017-08-24 03:19:37,0.77
2017-08-24 03:19:37,2
2017-08-24 03:19:37,24.08
2017-08-24 03:19:37,0
2017-08-24 03:19:37,2.28
2017-08-24 03:19:37,11.03
2017-08-24 03:19:37,8.99
2017-08-24 03:19:37,4.97
2017-08-24 03:19:37,104
2017-08-24 03:19:37,158
2017-08-24 03:19:37,158
2017-08-24 03:19:37,158
2017-08-24 03:19:37,1
2017-08-24 03:19:37,1
2017-08-24 03:19:37,4.91
2017-08-24 03:19:37,158
2017-08-24 03:19:37,44.99
2017-08-24 03:19:37,474.59
2017-08-24 03:19:37,1
2017-08-24 03:19:37,0.77
2017-08-24 03:19:37,69.81
2017-08-24 03:19:37,63.7
2017-08-24 03:19:37,158
2017-08-24 03:19:37,7.74
2017-08-24 03:19:37,158
2017-08-24 03:19:37,8.99
2017-08-24 03:19:37,64.99
2017-08-24 03:19:37,1
2017-08-24 03:19:37,150
2017-08-24 03:19:37,158
2017-08-24 03:19:37,53.75
2017-08-24 03:19:37,1
2017-08-24 03:19:37,6.99
2017-08-24 03:19:37,22.17
2017-08-24 03:19:37,29.9
2017-08-24 03:19:37,50
2017-08-24 03:19:37,2.27
2017-08-24 03:19:37,500
2017-08-24 03:19:37,4.77
2017-08-24 03:19:37,158
2017-08-24 03:19:37,5.99
2017-08-24 03:19:37,189
2017-08-24 03:19:37,158
2017-08-24 03:19:37,13.99
2017-08-24 03:19:37,1
2017-08-24 03:19:37,19.99
2017-08-24 03:19:37,0.89
2017-08-24 03:19:37,64.5
2017-08-24 03:19:37,7.81
2017-08-24 03:19:37,7.59
2017-08-24 03:19:37,1.98
2017-08-24 03:19:37,135
2017-08-24 03:19:37,3.16
2017-08-24 03:19:37,32.52
2017-08-24 03:19:37,213.1
2017-08-24 03:19:37,10.59
2017-08-24 03:19:37,48.94
2017-08-24 03:19:37,101.26
2017-08-24 03:19:37,158
2017-08-24 03:19:37,192.17
2017-08-24 03:19:37,1
2017-08-24 03:19:37,28.9
2017-08-24 03:19:37,86.97
2017-08-24 03:19:37,0.89
2017-08-24 03:19:37,82.62
2017-08-24 03:19:37,0.79
2017-08-24 03:19:37,5
2017-08-24 03:19:37,21.66
2017-08-24 03:19:37,113.59
2017-08-24 03:19:37,0.99
2017-08-24 03:19:37,90.5
2017-08-24 03:19:37,17.92
2017-08-24 03:19:37,136.3
2017-08-24 03:19:37,343
2017-08-24 03:19:37,84.95
2017-08-24 03:19:37,19.72
2017-08-24 03:19:37,0.95
2017-08-24 03:19:37,25.28
2017-08-24 03:19:36,281.42
2017-08-24 03:19:36,4.49
2017-08-24 03:19:36,5.99
2017-08-24 03:19:36,240.9
2017-08-24 03:19:36,7.62
2017-08-24 03:19:36,0.99
2017-08-24 03:19:36,1.98
2017-08-24 03:19:36,158
2017-08-24 03:19:36,7.65
2017-08-24 03:19:36,12.14
2017-08-24 03:19:36,9.48
2017-08-24 03:19:36,158
2017-08-24 03:19:36,10.86
2017-08-24 03:19:36,31
2017-08-24 03:19:36,46.39
2017-08-24 03:19:36,1
2017-08-24 03:19:36,64.93
2017-08-24 03:19:36,12.99
2017-08-24 03:19:36,10.62
2017-08-24 03:19:36,8.49
2017-08-24 03:19:36,40.2
2017-08-24 03:19:36,99.99
2017-08-24 03:19:36,55.97
2017-08-24 03:19:36,226.53
2017-08-24 03:19:36,0.77
2017-08-24 03:19:36,14
2017-08-24 03:19:36,1.78
2017-08-24 03:19:36,15.13
2017-08-24 03:19:36,3.56
2017-08-24 03:19:36,38.44
2017-08-24 03:19:36,49
2017-08-24 03:19:36,1.68
2017-08-24 03:19:36,1.94
2017-08-24 03:19:36,14.99
2017-08-24 03:19:36,2.78
2017-08-24 03:19:36,17.49
2017-08-24 03:19:36,1736
2017-08-24 03:19:36,11.84
2017-08-24 03:19:36,53.39
2017-08-24 03:19:36,1.98
2017-08-24 03:19:36,11.43
2017-08-24 03:19:36,12.86
2017-08-24 03:19:36,10.81
2017-08-24 03:19:36,1
2017-08-24 03:19:36,1.79
2017-08-24 03:19:36,20.43
2017-08-24 03:19:36,26
2017-08-24 03:19:36,4.95
2017-08-24 03:19:36,12.94
2017-08-24 03:19:36,10
2017-08-24 03:19:36,11
2017-08-24 03:19:36,9.99
2017-08-24 03:19:36,1.45
2017-08-24 03:19:36,306.95
2017-08-24 03:19:36,32.97
2017-08-24 03:19:35,431
2017-08-24 03:19:35,195
2017-08-24 03:19:35,84.4
2017-08-24 03:19:35,158
2017-08-24 03:19:35,9.51
2017-08-24 03:19:35,1.98
2017-08-24 03:19:35,8
2017-08-24 03:19:35,10.82
2017-08-24 03:19:35,158
2017-08-24 03:19:35,1
2017-08-24 03:19:35,1
2017-08-24 03:19:35,49.5
2017-08-24 03:19:35,2.58
2017-08-24 03:19:35,0.92
2017-08-24 03:19:35,17.49
2017-08-24 03:19:35,1.78
2017-08-24 03:19:35,42.99
2017-08-24 03:19:35,2.58
2017-08-24 03:19:35,19.99
2017-08-24 03:19:35,233.15
2017-08-24 03:19:35,155.75
2017-08-24 03:19:35,76.13
2017-08-24 03:19:35,5
2017-08-24 03:19:35,9.95
2017-08-24 03:19:35,158
2017-08-24 03:19:35,158
2017-08-24 03:19:35,1
2017-08-24 03:19:35,149.98
2017-08-24 03:19:35,160
2017-08-24 03:19:35,25
2017-08-24 03:19:35,173
2017-08-24 03:19:35,0.76
2017-08-24 03:19:35,5.28
2017-08-24 03:19:35,274.72
2017-08-24 03:19:35,1
2017-08-24 03:19:35,158
2017-08-24 03:19:35,158
2017-08-24 03:19:35,158
2017-08-24 03:19:35,4.68
2017-08-24 03:19:35,1
2017-08-24 03:19:35,91.18
2017-08-24 03:19:35,2.69
2017-08-24 03:19:35,4.49
2017-08-24 03:19:35,4.99
2017-08-24 03:19:35,9.5
2017-08-24 03:19:35,5.47
2017-08-24 03:19:35,198.83
2017-08-24 03:19:35,0.12
2017-08-24 03:19:35,44.48
2017-08-24 03:19:35,36.26
2017-08-24 03:19:35,41.89
2017-08-24 03:19:35,8.99
2017-08-24 03:19:35,0.9
2017-08-24 03:19:35,21.48
2017-08-24 03:19:35,2.33
2017-08-24 03:19:35,1
2017-08-24 03:19:35,30.33
2017-08-24 03:19:35,10.62
2017-08-24 03:19:35,9.12
2017-08-24 03:19:35,196.33
2017-08-24 03:19:35,2.28
2017-08-24 03:19:35,32.14
2017-08-24 03:19:35,12.99
2017-08-24 03:19:35,6.25
2017-08-24 03:19:35,68
2017-08-24 03:19:35,48.43
2017-08-24 03:19:35,158
2017-08-24 03:19:35,21.87
2017-08-24 03:19:35,8.99
2017-08-24 03:19:35,16.9
2017-08-24 03:19:35,0.99
2017-08-24 03:19:35,500
2017-08-24 03:19:35,3.5
2017-08-24 03:19:35,20
2017-08-24 03:19:35,224.99
2017-08-24 03:19:35,50
2017-08-24 03:19:35,0.89
2017-08-24 03:19:35,12.48
2017-08-24 03:19:35,158
2017-08-24 03:19:35,10.95
2017-08-24 03:19:35,202.37
2017-08-24 03:19:35,158
2017-08-24 03:19:35,158
2017-08-24 03:19:35,1
2017-08-24 03:19:35,1
2017-08-24 03:19:35,8.97
2017-08-24 03:19:35,384.11
2017-08-24 03:19:35,158
2017-08-24 03:19:35,2452.03
2017-08-24 03:19:35,160
2017-08-24 03:19:35,4.86
2017-08-24 03:19:35,35.79
2017-08-24 03:19:35,0.77
2017-08-24 03:19:35,147.2
2017-08-24 03:19:35,0.76
2017-08-24 03:19:34,1
2017-08-24 03:19:34,71.73
2017-08-24 03:19:34,20.07
2017-08-24 03:19:34,59.9
2017-08-24 03:19:34,2.69
2017-08-24 03:19:34,160
2017-08-24 03:19:34,158
2017-08-24 03:19:34,7.49
2017-08-24 03:19:34,75.08
2017-08-24 03:19:34,229.9
2017-08-24 03:19:34,99
2017-08-24 03:19:34,23.97
2017-08-24 03:19:34,78.03
2017-08-24 03:19:34,158
2017-08-24 03:19:34,1
2017-08-24 03:19:34,158
2017-08-24 03:19:34,160
2017-08-24 03:19:34,21.29
2017-08-24 03:19:34,9.57
2017-08-24 03:19:34,37.85
2017-08-24 03:19:34,64.94
2017-08-24 03:19:34,0.99
2017-08-24 03:19:34,30.33
2017-08-24 03:19:34,1
2017-08-24 03:19:34,224
2017-08-24 03:19:34,55.94
2017-08-24 03:19:34,367.2
2017-08-24 03:19:34,1.29
2017-08-24 03:19:34,160
2017-08-24 03:19:34,1
2017-08-24 03:19:34,1376.13
2017-08-24 03:19:34,213.87
2017-08-24 03:19:34,106.77
2017-08-24 03:19:34,51.5
2017-08-24 03:19:34,36.29
2017-08-24 03:19:34,160
2017-08-24 03:19:34,160
2017-08-24 03:19:34,1
2017-08-24 03:19:34,1
2017-08-24 03:19:34,29.54
2017-08-24 03:19:34,50
2017-08-24 03:19:34,6.36
2017-08-24 03:19:34,53.02
2017-08-24 03:19:34,160
2017-08-24 03:19:34,135.19
2017-08-24 03:19:34,158
2017-08-24 03:19:34,0.99
2017-08-24 03:19:34,1
2017-08-24 03:19:34,44
2017-08-24 03:19:34,26
2017-08-24 03:19:34,2.28
2017-08-24 03:19:34,318
2017-08-24 03:19:34,3.32
2017-08-24 03:19:34,160
2017-08-24 03:19:34,167.09
2017-08-24 03:19:34,10.46
2017-08-24 03:19:34,19.49
2017-08-24 03:19:34,1
2017-08-24 03:19:34,198
2017-08-24 03:19:34,87.75
2017-08-24 03:19:34,24
2017-08-24 03:19:34,71.17
2017-08-24 03:19:34,160
2017-08-24 03:19:34,7.15
2017-08-24 03:19:34,0.38
2017-08-24 03:19:34,1
2017-08-24 03:19:34,144.14
2017-08-24 03:19:34,6.23
2017-08-24 03:19:34,10.99
2017-08-24 03:19:34,3.75
2017-08-24 03:19:34,66.6
2017-08-24 03:19:33,27.99
2017-08-24 03:19:33,13.99
2017-08-24 03:19:33,9.99
2017-08-24 03:19:33,50
2017-08-24 03:19:33,158
2017-08-24 03:19:33,82.25
2017-08-24 03:19:33,38
2017-08-24 03:19:33,8.99
2017-08-24 03:19:33,64.2
2017-08-24 03:19:33,90
2017-08-24 03:19:33,158
2017-08-24 03:19:33,4.73
2017-08-24 03:19:33,1
2017-08-24 03:19:33,0.85
2017-08-24 03:19:33,148.49
2017-08-24 03:19:33,113.02
2017-08-24 03:19:33,17.79
2017-08-24 03:19:33,32.5
2017-08-24 03:19:33,75.46
2017-08-24 03:19:33,239.02
2017-08-24 03:19:33,23.74
2017-08-24 03:19:33,60
2017-08-24 03:19:33,410.49
2017-08-24 03:19:33,49.99
2017-08-24 03:19:33,76.48
2017-08-24 03:19:33,13.99
2017-08-24 03:19:33,7.81
2017-08-24 03:19:33,9.75
2017-08-24 03:19:33,24
2017-08-24 03:19:33,1.98
2017-08-24 03:19:33,158
2017-08-24 03:19:33,1.53
2017-08-24 03:19:33,45.42
2017-08-24 03:19:33,19.22
2017-08-24 03:19:33,60
2017-08-24 03:19:33,158
2017-08-24 03:19:33,10.91
2017-08-24 03:19:33,65
2017-08-24 03:19:33,9.99
2017-08-24 03:19:33,189.25
2017-08-24 03:19:33,80.65
2017-08-24 03:19:33,23.92
2017-08-24 03:19:33,1.98
2017-08-24 03:19:33,142.42
2017-08-24 03:19:33,62.57
2017-08-24 03:19:33,60.2
2017-08-24 03:19:33,11.5
2017-08-24 03:19:33,158
2017-08-24 03:19:33,251.35
2017-08-24 03:19:33,22.71
2017-08-24 03:19:33,449
2017-08-24 03:19:33,10.97
2017-08-24 03:19:33,30.3
2017-08-24 03:19:33,100
2017-08-24 03:19:33,4
2017-08-24 03:19:33,4
2017-08-24 03:19:33,8.99
2017-08-24 03:19:33,67.23
2017-08-24 03:19:33,0.89
2017-08-24 03:19:33,1
2017-08-24 03:19:33,0
2017-08-24 03:19:33,44.22
2017-08-24 03:19:33,20.17
2017-08-24 03:19:32,6.77
2017-08-24 03:19:32,118.98
2017-08-24 03:19:32,4.99
2017-08-24 03:19:32,9.99
2017-08-24 03:19:32,37.98
2017-08-24 03:19:32,84.68
2017-08-24 03:19:32,65.3
2017-08-24 03:19:32,7.42
2017-08-24 03:19:32,12
2017-08-24 03:19:32,0.99
2017-08-24 03:19:32,160
2017-08-24 03:19:32,3.77
2017-08-24 03:19:32,160
2017-08-24 03:19:32,9.99
2017-08-24 03:19:32,68.02
2017-08-24 03:19:32,8.65
2017-08-24 03:19:32,36.03
2017-08-24 03:19:32,0.89
2017-08-24 03:19:32,10
2017-08-24 03:19:32,13.99
2017-08-24 03:19:32,9.99
2017-08-24 03:19:32,75.84
2017-08-24 03:19:32,154.99
2017-08-24 03:19:32,316
2017-08-24 03:19:32,160
2017-08-24 03:19:32,3.59
2017-08-24 03:19:32,158
2017-08-24 03:19:32,79
2017-08-24 03:19:32,1
2017-08-24 03:19:32,1
2017-08-24 03:19:32,47.31
2017-08-24 03:19:32,4
2017-08-24 03:19:32,4.49
2017-08-24 03:19:32,160
2017-08-24 03:19:32,1
2017-08-24 03:19:32,30.38
2017-08-24 03:19:32,23.88
2017-08-24 03:19:32,276.93
2017-08-24 03:19:32,1
2017-08-24 03:19:32,11.89
2017-08-24 03:19:32,279.93
2017-08-24 03:19:32,15.09
2017-08-24 03:19:32,3.19
2017-08-24 03:19:32,160
2017-08-24 03:19:32,1.99
2017-08-24 03:19:32,5.55
2017-08-24 03:19:32,0.78
2017-08-24 03:19:32,0.75
2017-08-24 03:19:32,79.9
2017-08-24 03:19:32,1
2017-08-24 03:19:32,221.79
2017-08-24 03:19:32,13.99
2017-08-24 03:19:32,2.69
2017-08-24 03:19:32,1.49
2017-08-24 03:19:32,26.21
2017-08-24 03:19:32,115
2017-08-24 03:19:32,186.96
2017-08-24 03:19:32,160
2017-08-24 03:19:32,93
2017-08-24 03:19:32,66.21
2017-08-24 03:19:32,35.69
2017-08-24 03:19:32,160
2017-08-24 03:19:32,1
2017-08-24 03:19:32,174.5
2017-08-24 03:19:32,1
2017-08-24 03:19:32,15
2017-08-24 03:19:32,160
2017-08-24 03:19:32,160
2017-08-24 03:19:32,1
2017-08-24 03:19:32,17.77
2017-08-24 03:19:32,6.54
2017-08-24 03:19:32,1
2017-08-24 03:19:32,15.13
2017-08-24 03:19:32,21.66
2017-08-24 03:19:32,34.13
2017-08-24 03:19:32,9.99
2017-08-24 03:19:32,20
2017-08-24 03:19:32,71.87
2017-08-24 03:19:32,39.8
2017-08-24 03:19:32,500
2017-08-24 03:19:32,160
2017-08-24 03:19:32,1
2017-08-24 03:19:32,43.54
2017-08-24 03:19:32,1.29
2017-08-24 03:19:32,1.79
2017-08-24 03:19:32,160
2017-08-24 03:19:32,6.28
2017-08-24 03:19:32,1
2017-08-24 03:19:32,1
2017-08-24 03:19:32,5.49
2017-08-24 03:19:32,49.9
2017-08-24 03:19:32,4.29
2017-08-24 03:19:32,2.28
2017-08-24 03:19:32,0.89
2017-08-24 03:19:32,9
2017-08-24 03:19:31,17.74
2017-08-24 03:19:31,1
2017-08-24 03:19:31,1.98
2017-08-24 03:19:31,34.15
2017-08-24 03:19:31,160
2017-08-24 03:19:31,102
2017-08-24 03:19:31,17.99
2017-08-24 03:19:31,0.99
2017-08-24 03:19:31,7712.43
2017-08-24 03:19:31,85.79
2017-08-24 03:19:31,21.52
2017-08-24 03:19:31,160
2017-08-24 03:19:31,73.66
2017-08-24 03:19:31,2
2017-08-24 03:19:31,160
2017-08-24 03:19:31,14.93
2017-08-24 03:19:31,158
2017-08-24 03:19:31,1127.78
2017-08-24 03:19:31,1
2017-08-24 03:19:31,1
2017-08-24 03:19:31,149.79
2017-08-24 03:19:31,142.13
2017-08-24 03:19:31,33.62
2017-08-24 03:19:31,11.95
2017-08-24 03:19:31,1.98
2017-08-24 03:19:31,1.46
2017-08-24 03:19:31,30.89
2017-08-24 03:19:31,38.99
2017-08-24 03:19:31,0.99
2017-08-24 03:19:31,8.91
2017-08-24 03:19:31,17.99
2017-08-24 03:19:31,474
2017-08-24 03:19:31,1.98
2017-08-24 03:19:31,9.99
2017-08-24 03:19:31,14.5
2017-08-24 03:19:31,17.99
2017-08-24 03:19:31,128
2017-08-24 03:19:31,5
2017-08-24 03:19:31,64.99
2017-08-24 03:19:31,5
2017-08-24 03:19:31,64.69
2017-08-24 03:19:31,132
2017-08-24 03:19:31,8
2017-08-24 03:19:31,5
2017-08-24 03:19:31,30
2017-08-24 03:19:31,15.98
2017-08-24 03:19:31,41.36
2017-08-24 03:19:31,49.57
2017-08-24 03:19:31,17.99
2017-08-24 03:19:31,838.2
2017-08-24 03:19:31,52.52
2017-08-24 03:19:31,5
2017-08-24 03:19:31,1.29
2017-08-24 03:19:31,5
2017-08-24 03:19:31,118
2017-08-24 03:19:31,58.9
2017-08-24 03:19:31,0.89
2017-08-24 03:19:31,11.03
2017-08-24 03:19:31,24.56
2017-08-24 03:19:31,25.3
2017-08-24 03:19:31,25.3
2017-08-24 03:19:31,43.8
2017-08-24 03:19:31,43.8
2017-08-24 03:19:31,3.99
2017-08-24 03:19:31,11.76
2017-08-24 03:19:31,5
2017-08-24 03:19:31,68.5
2017-08-24 03:19:31,17.99
2017-08-24 03:19:31,80.51
2017-08-24 03:19:31,20
2017-08-24 03:19:31,123.02
2017-08-24 03:19:31,11.37
2017-08-24 03:19:31,1.83
2017-08-24 03:19:31,0.99
2017-08-24 03:19:31,5
2017-08-24 03:19:31,1
2017-08-24 03:19:31,160
2017-08-24 03:19:31,20.22
2017-08-24 03:19:31,5
2017-08-24 03:19:31,4.99
2017-08-24 03:19:31,36.19
2017-08-24 03:19:31,1
2017-08-24 03:19:31,1
2017-08-24 03:19:30,5
2017-08-24 03:19:30,160
2017-08-24 03:19:30,329
2017-08-24 03:19:30,12.09
2017-08-24 03:19:30,5
2017-08-24 03:19:30,10.09
2017-08-24 03:19:30,30
2017-08-24 03:19:30,137.7
2017-08-24 03:19:30,1.44
2017-08-24 03:19:30,160
2017-08-24 03:19:30,5
2017-08-24 03:19:30,0.89
2017-08-24 03:19:30,13.99
2017-08-24 03:19:30,95
2017-08-24 03:19:30,1.79
2017-08-24 03:19:30,9.95
2017-08-24 03:19:30,4
2017-08-24 03:19:30,8.65
2017-08-24 03:19:30,1.78
2017-08-24 03:19:30,0.76
2017-08-24 03:19:30,5
2017-08-24 03:19:30,27.83
2017-08-24 03:19:30,38.09
2017-08-24 03:19:30,1
2017-08-24 03:19:30,4.26
2017-08-24 03:19:30,1.98
2017-08-24 03:19:30,13.99
2017-08-24 03:19:30,1.04
2017-08-24 03:19:30,9.78
2017-08-24 03:19:30,50.56
2017-08-24 03:19:30,5
2017-08-24 03:19:30,4.49
2017-08-24 03:19:30,50
2017-08-24 03:19:30,1
2017-08-24 03:19:30,5
2017-08-24 03:19:30,1.79
2017-08-24 03:19:30,91.64
2017-08-24 03:19:30,1
2017-08-24 03:19:30,138
2017-08-24 03:19:30,22.5
2017-08-24 03:19:30,479.08
2017-08-24 03:19:30,11.45
2017-08-24 03:19:30,6.54
2017-08-24 03:19:30,4.38
2017-08-24 03:19:30,5
2017-08-24 03:19:30,1
2017-08-24 03:19:30,200
2017-08-24 03:19:30,26.59
2017-08-24 03:19:30,63.65
2017-08-24 03:19:30,5
2017-08-24 03:19:30,179.16
2017-08-24 03:19:30,77.26
2017-08-24 03:19:30,5
2017-08-24 03:19:30,1
2017-08-24 03:19:30,37.73
2017-08-24 03:19:30,2.31
2017-08-24 03:19:30,1
2017-08-24 03:19:30,17.39
2017-08-24 03:19:30,14.9
2017-08-24 03:19:30,1.78
2017-08-24 03:19:30,5
2017-08-24 03:19:30,2.46
2017-08-24 03:19:30,5
2017-08-24 03:19:30,1
2017-08-24 03:19:30,3.67
2017-08-24 03:19:30,24.95
2017-08-24 03:19:30,6.4
2017-08-24 03:19:30,104.48
2017-08-24 03:19:30,1.85
2017-08-24 03:19:30,187.95
2017-08-24 03:19:30,12.33
2017-08-24 03:19:30,4.49
2017-08-24 03:19:30,48.76
2017-08-24 03:19:29,15.38
2017-08-24 03:19:29,102
2017-08-24 03:19:29,22.74
2017-08-24 03:19:29,11.84
2017-08-24 03:19:29,61.18
2017-08-24 03:19:29,126.85
2017-08-24 03:19:29,0.99
2017-08-24 03:19:29,1.98
2017-08-24 03:19:29,15
2017-08-24 03:19:29,74.22
2017-08-24 03:19:29,5.08
2017-08-24 03:19:29,23.95
2017-08-24 03:19:29,92.3
2017-08-24 03:19:29,15.9
2017-08-24 03:19:29,100
2017-08-24 03:19:29,2.69
2017-08-24 03:19:29,5
2017-08-24 03:19:29,11.72
2017-08-24 03:19:29,5
2017-08-24 03:19:29,34.32
2017-08-24 03:19:29,333.84
2017-08-24 03:19:29,3.23
2017-08-24 03:19:29,1.98
2017-08-24 03:19:29,37.1
2017-08-24 03:19:29,5
2017-08-24 03:19:29,16
2017-08-24 03:19:29,102
2017-08-24 03:19:29,15
2017-08-24 03:19:29,77.7
2017-08-24 03:19:29,5
2017-08-24 03:19:29,4
2017-08-24 03:19:29,23.84
2017-08-24 03:19:29,32.52
2017-08-24 03:19:29,1
2017-08-24 03:19:29,13.84
2017-08-24 03:19:29,96.39
2017-08-24 03:19:29,3.99
2017-08-24 03:19:29,152
2017-08-24 03:19:29,5
2017-08-24 03:19:29,1
2017-08-24 03:19:29,22.74
2017-08-24 03:19:29,27.83
2017-08-24 03:19:29,5.99
2017-08-24 03:19:29,1
2017-08-24 03:19:29,16.8
2017-08-24 03:19:29,18.42
2017-08-24 03:19:29,84.39
2017-08-24 03:19:29,54.59
2017-08-24 03:19:29,1.29
2017-08-24 03:19:29,5
2017-08-24 03:19:29,0.89
2017-08-24 03:19:29,1
2017-08-24 03:19:29,6.28
2017-08-24 03:19:29,1.79
2017-08-24 03:19:29,5
2017-08-24 03:19:29,6.54
2017-08-24 03:19:29,27
2017-08-24 03:19:29,5
2017-08-24 03:19:29,5.37
2017-08-24 03:19:29,6.45
2017-08-24 03:19:29,1
2017-08-24 03:19:29,5
2017-08-24 03:19:29,11.2
2017-08-24 03:19:29,1
2017-08-24 03:19:29,91.78
2017-08-24 03:19:29,85.11
2017-08-24 03:19:29,12.97
2017-08-24 03:19:29,1.98
2017-08-24 03:19:29,5
2017-08-24 03:19:29,3.6
2017-08-24 03:19:29,1
2017-08-24 03:19:29,121.49
2017-08-24 03:19:29,1.54
2017-08-24 03:19:29,25.6
2017-08-24 03:19:29,21.95
2017-08-24 03:19:29,13.99
2017-08-24 03:19:29,11.05
2017-08-24 03:19:29,15.98
2017-08-24 03:19:29,21.79
2017-08-24 03:19:29,23.07
2017-08-24 03:19:29,5
2017-08-24 03:19:29,1
2017-08-24 03:19:28,5
2017-08-24 03:19:28,7.49
2017-08-24 03:19:28,5.99
2017-08-24 03:19:28,82.74
2017-08-24 03:19:28,1
2017-08-24 03:19:28,8.99
2017-08-24 03:19:28,3.58
2017-08-24 03:19:28,33.45
2017-08-24 03:19:28,3.56
2017-08-24 03:19:28,22.1
2017-08-24 03:19:28,0.76
2017-08-24 03:19:28,0
2017-08-24 03:19:28,5
2017-08-24 03:19:28,0
2017-08-24 03:19:28,0
2017-08-24 03:19:28,4.99
2017-08-24 03:19:28,5
2017-08-24 03:19:28,39.5
2017-08-24 03:19:28,513.72
2017-08-24 03:19:28,112.5
2017-08-24 03:19:28,3.59
2017-08-24 03:19:28,9.99
2017-08-24 03:19:28,1.98
2017-08-24 03:19:28,7.69
2017-08-24 03:19:28,285.96
2017-08-24 03:19:28,62.64
2017-08-24 03:19:28,12.94
2017-08-24 03:19:28,9.08
2017-08-24 03:19:28,44.6
2017-08-24 03:19:28,8.98
2017-08-24 03:19:28,0.76
2017-08-24 03:19:28,1.98
2017-08-24 03:19:28,0.89
2017-08-24 03:19:28,0.89
2017-08-24 03:19:28,306.59
2017-08-24 03:19:28,18.29
2017-08-24 03:19:28,64.61
2017-08-24 03:19:28,5
2017-08-24 03:19:28,5
2017-08-24 03:19:28,85.06
2017-08-24 03:19:28,79
2017-08-24 03:19:28,1
2017-08-24 03:19:28,12.95
2017-08-24 03:19:28,265.42
2017-08-24 03:19:28,41.71
2017-08-24 03:19:28,22.74
2017-08-24 03:19:28,10.98
2017-08-24 03:19:28,1.29
2017-08-24 03:19:28,156.73
2017-08-24 03:19:28,140.55
2017-08-24 03:19:28,5
2017-08-24 03:19:28,46.08
2017-08-24 03:19:28,85.25
2017-08-24 03:19:28,151.67
2017-08-24 03:19:28,5
2017-08-24 03:19:28,68
2017-08-24 03:19:28,5
2017-08-24 03:19:28,84.24
2017-08-24 03:19:28,31.62
2017-08-24 03:19:28,5
2017-08-24 03:19:28,19.69
2017-08-24 03:19:28,5
2017-08-24 03:19:28,38.49
2017-08-24 03:19:28,1.29
2017-08-24 03:19:28,355.05
2017-08-24 03:19:28,1.29
2017-08-24 03:19:28,7.58
2017-08-24 03:19:28,5
2017-08-24 03:19:28,5
2017-08-24 03:19:28,18.33
2017-08-24 03:19:28,5
2017-08-24 03:19:28,2.68
2017-08-24 03:19:28,5
2017-08-24 03:19:28,126.71
2017-08-24 03:19:28,84
2017-08-24 03:19:28,0.99
2017-08-24 03:19:28,45
2017-08-24 03:19:28,5
2017-08-24 03:19:28,5
2017-08-24 03:19:28,96.82
2017-08-24 03:19:28,1
2017-08-24 03:19:28,1
2017-08-24 03:19:27,5
2017-08-24 03:19:27,5
2017-08-24 03:19:27,1
2017-08-24 03:19:27,1
2017-08-24 03:19:27,49
2017-08-24 03:19:27,5
2017-08-24 03:19:27,1
2017-08-24 03:19:27,5
2017-08-24 03:19:27,3.84
2017-08-24 03:19:27,1
2017-08-24 03:19:27,99.93
2017-08-24 03:19:27,12.99
2017-08-24 03:19:27,5
2017-08-24 03:19:27,19.55
2017-08-24 03:19:27,1.29
2017-08-24 03:19:27,5
2017-08-24 03:19:27,1.98
2017-08-24 03:19:27,6.46
2017-08-24 03:19:27,9.99
2017-08-24 03:19:27,5
2017-08-24 03:19:27,1
2017-08-24 03:19:27,19.99
2017-08-24 03:19:27,5
2017-08-24 03:19:27,5
2017-08-24 03:19:27,4.49
2017-08-24 03:19:27,1
2017-08-24 03:19:27,32.07
2017-08-24 03:19:27,1
2017-08-24 03:19:27,0.82
2017-08-24 03:19:27,5
2017-08-24 03:19:27,1
2017-08-24 03:19:27,5
2017-08-24 03:19:27,1
2017-08-24 03:19:27,1109.2
2017-08-24 03:19:27,14.99
2017-08-24 03:19:27,123.67
2017-08-24 03:19:27,5
2017-08-24 03:19:27,5.35
2017-08-24 03:19:27,1
2017-08-24 03:19:27,80.7
2017-08-24 03:19:27,3.59
2017-08-24 03:19:27,41.71
2017-08-24 03:19:27,9.47
2017-08-24 03:19:27,0.89
2017-08-24 03:19:27,132.8
2017-08-24 03:19:27,107.69
2017-08-24 03:19:27,69
2017-08-24 03:19:27,4.99
2017-08-24 03:19:27,5
2017-08-24 03:19:27,1
2017-08-24 03:19:27,5
2017-08-24 03:19:27,104.49
2017-08-24 03:19:27,1
2017-08-24 03:19:27,10.98
2017-08-24 03:19:27,13.08
2017-08-24 03:19:27,25
2017-08-24 03:19:27,9.35
2017-08-24 03:19:27,5
2017-08-24 03:19:27,5
2017-08-24 03:19:27,5
2017-08-24 03:19:27,5
2017-08-24 03:19:27,5
2017-08-24 03:19:27,5
2017-08-24 03:19:27,13.99
2017-08-24 03:19:27,24.9
2017-08-24 03:19:27,9.99
2017-08-24 03:19:27,5
2017-08-24 03:19:27,2
2017-08-24 03:19:27,2.4
2017-08-24 03:19:27,1
2017-08-24 03:19:27,6.99
2017-08-24 03:19:27,147.5
2017-08-24 03:19:27,3.99
2017-08-24 03:19:27,0.79
2017-08-24 03:19:27,83.48
2017-08-24 03:19:27,0.89
2017-08-24 03:19:26,7.17
2017-08-24 03:19:26,9.99
2017-08-24 03:19:26,15.94
2017-08-24 03:19:26,5
2017-08-24 03:19:26,88.4
2017-08-24 03:19:26,24.57
2017-08-24 03:19:26,32.79
2017-08-24 03:19:26,18.78
2017-08-24 03:19:26,19.99
2017-08-24 03:19:26,5
2017-08-24 03:19:26,30.08
2017-08-24 03:19:26,69
2017-08-24 03:19:26,9.99
2017-08-24 03:19:26,65
2017-08-24 03:19:26,50.95
2017-08-24 03:19:26,5.35
2017-08-24 03:19:26,0.77
2017-08-24 03:19:26,7.69
2017-08-24 03:19:26,22.3
2017-08-24 03:19:26,25
2017-08-24 03:19:26,83
2017-08-24 03:19:26,62.34
2017-08-24 03:19:26,1
2017-08-24 03:19:26,3.8
2017-08-24 03:19:26,5
2017-08-24 03:19:26,0.89
2017-08-24 03:19:26,1
2017-08-24 03:19:26,23
2017-08-24 03:19:26,5
2017-08-24 03:19:26,12.14
2017-08-24 03:19:26,2.31
2017-08-24 03:19:26,17.99
2017-08-24 03:19:26,24.61
2017-08-24 03:19:26,15.62
2017-08-24 03:19:26,59.9
2017-08-24 03:19:26,5
2017-08-24 03:19:26,75.55
2017-08-24 03:19:26,1
2017-08-24 03:19:26,24.26
2017-08-24 03:19:26,68
2017-08-24 03:19:26,5
2017-08-24 03:19:26,80
2017-08-24 03:19:26,1.29
2017-08-24 03:19:26,50.2
2017-08-24 03:19:26,12.31
2017-08-24 03:19:26,1
2017-08-24 03:19:26,31.24
2017-08-24 03:19:26,8.01
2017-08-24 03:19:26,18.16
2017-08-24 03:19:26,5
2017-08-24 03:19:26,100.07
2017-08-24 03:19:26,26.35
2017-08-24 03:19:26,22
2017-08-24 03:19:26,29.57
2017-08-24 03:19:26,110.14
2017-08-24 03:19:26,1
2017-08-24 03:19:26,125
2017-08-24 03:19:26,5
2017-08-24 03:19:26,1
2017-08-24 03:19:26,770.97
2017-08-24 03:19:26,2.69
2017-08-24 03:19:26,3.87
2017-08-24 03:19:26,12.17
2017-08-24 03:19:26,7
2017-08-24 03:19:26,10
2017-08-24 03:19:26,5
2017-08-24 03:19:26,13.66
2017-08-24 03:19:26,6.4
2017-08-24 03:19:26,37.64
2017-08-24 03:19:26,21.5
2017-08-24 03:19:26,1
2017-08-24 03:19:26,29.99
2017-08-24 03:19:26,137.94
2017-08-24 03:19:26,5
2017-08-24 03:19:26,20
2017-08-24 03:19:26,1
2017-08-24 03:19:26,13.99
2017-08-24 03:19:26,0.77
2017-08-24 03:19:26,106
2017-08-24 03:19:26,5
2017-08-24 03:19:26,112.18
2017-08-24 03:19:26,1.29
2017-08-24 03:19:26,1
2017-08-24 03:19:26,13.99
2017-08-24 03:19:26,8.99
2017-08-24 03:19:26,1
2017-08-24 03:19:26,68
2017-08-24 03:19:26,5
2017-08-24 03:19:26,1
2017-08-24 03:19:25,13.23
2017-08-24 03:19:25,57.19
2017-08-24 03:19:25,5
2017-08-24 03:19:25,1
2017-08-24 03:19:25,1.23
2017-08-24 03:19:25,79
2017-08-24 03:19:25,1
2017-08-24 03:19:25,8.93
2017-08-24 03:19:25,79
2017-08-24 03:19:25,8.8
2017-08-24 03:19:25,1.99
2017-08-24 03:19:25,308.67
2017-08-24 03:19:25,0.77
2017-08-24 03:19:25,13.8
2017-08-24 03:19:25,17.39
2017-08-24 03:19:25,12.61
2017-08-24 03:19:25,8
2017-08-24 03:19:25,193.89
2017-08-24 03:19:25,34.9
2017-08-24 03:19:25,11.5
2017-08-24 03:19:25,19.3
2017-08-24 03:19:25,215.58
2017-08-24 03:19:25,88
2017-08-24 03:19:25,15.7
2017-08-24 03:19:25,29
2017-08-24 03:19:25,10
2017-08-24 03:19:25,68
2017-08-24 03:19:25,13.5
2017-08-24 03:19:25,8.12
2017-08-24 03:19:25,38.44
2017-08-24 03:19:25,2.23
2017-08-24 03:19:25,0
2017-08-24 03:19:25,28.52
2017-08-24 03:19:25,12
2017-08-24 03:19:25,19.99
2017-08-24 03:19:25,18
2017-08-24 03:19:25,50.11
2017-08-24 03:19:25,9.99
2017-08-24 03:19:25,635.91
2017-08-24 03:19:25,2.31
2017-08-24 03:19:25,1
2017-08-24 03:19:25,15
2017-08-24 03:19:25,69
2017-08-24 03:19:25,0.89
2017-08-24 03:19:25,8.22
2017-08-24 03:19:25,0.99
2017-08-24 03:19:25,6.79
2017-08-24 03:19:25,247.89
2017-08-24 03:19:25,5.49
2017-08-24 03:19:25,357.59
2017-08-24 03:19:25,359.89
2017-08-24 03:19:25,86.61
2017-08-24 03:19:25,20
2017-08-24 03:19:25,668.04
2017-08-24 03:19:25,1.79
2017-08-24 03:19:25,8.92
2017-08-24 03:19:25,2.68
2017-08-24 03:19:25,421.5
2017-08-24 03:19:25,947.94
2017-08-24 03:19:25,1.22
2017-08-24 03:19:24,123.97
2017-08-24 03:19:24,44.52
2017-08-24 03:19:24,3.25
2017-08-24 03:19:24,3.45
2017-08-24 03:19:24,6.45
2017-08-24 03:19:24,22.74
2017-08-24 03:19:24,60.16
2017-08-24 03:19:24,37.92
2017-08-24 03:19:24,120.97
2017-08-24 03:19:24,3669
2017-08-24 03:19:24,58.64
2017-08-24 03:19:24,102.81
2017-08-24 03:19:24,0.89
2017-08-24 03:19:24,80
2017-08-24 03:19:24,79
2017-08-24 03:19:24,1
2017-08-24 03:19:24,192.17
2017-08-24 03:19:24,1
2017-08-24 03:19:24,0.77
2017-08-24 03:19:24,19.95
2017-08-24 03:19:24,1.23
2017-08-24 03:19:24,0.99
2017-08-24 03:19:24,59.95
2017-08-24 03:19:24,9
2017-08-24 03:19:24,94.48
2017-08-24 03:19:24,8.98
2017-08-24 03:19:24,13.99
2017-08-24 03:19:24,19
2017-08-24 03:19:24,5.49
2017-08-24 03:19:24,5.64
2017-08-24 03:19:24,16
2017-08-24 03:19:24,2
2017-08-24 03:19:24,16.94
2017-08-24 03:19:24,238.88
2017-08-24 03:19:24,22.75
2017-08-24 03:19:24,57.3
2017-08-24 03:19:24,13.74
2017-08-24 03:19:24,24.9
2017-08-24 03:19:24,53.81
2017-08-24 03:19:24,2.28
2017-08-24 03:19:24,18.25
2017-08-24 03:19:24,220
2017-08-24 03:19:24,274.9
2017-08-24 03:19:24,525.52
2017-08-24 03:19:24,288.28
2017-08-24 03:19:23,0.92
2017-08-24 03:19:23,189.8
2017-08-24 03:19:23,888.62
2017-08-24 03:19:23,1
2017-08-24 03:19:23,174.27
2017-08-24 03:19:23,3.03
2017-08-24 03:19:23,173
2017-08-24 03:19:23,25.99
2017-08-24 03:19:23,10.88
2017-08-24 03:19:23,4.5
2017-08-24 03:19:23,39
2017-08-24 03:19:23,5
2017-08-24 03:19:23,42.67
2017-08-24 03:19:23,23.11
2017-08-24 03:19:23,1.79
2017-08-24 03:19:23,81.98
2017-08-24 03:19:23,151.67
2017-08-24 03:19:23,70.85
2017-08-24 03:19:23,29.97
2017-08-24 03:19:23,8.49
2017-08-24 03:19:23,4
2017-08-24 03:19:23,2.34
2017-08-24 03:19:23,15.81
2017-08-24 03:19:23,44.99
2017-08-24 03:19:23,1.29
2017-08-24 03:19:23,0.99
2017-08-24 03:19:23,49.99
2017-08-24 03:19:23,119.9
2017-08-24 03:19:23,44.92
2017-08-24 03:19:23,59.18
2017-08-24 03:19:23,1.17
2017-08-24 03:19:23,768.84
2017-08-24 03:19:23,8.91
2017-08-24 03:19:23,5.85
2017-08-24 03:19:23,20
2017-08-24 03:19:23,11.5
2017-08-24 03:19:23,9.13
2017-08-24 03:19:23,13.99
2017-08-24 03:19:23,0.76
2017-08-24 03:19:23,53.05
2017-08-24 03:19:23,70
2017-08-24 03:19:23,34.48
2017-08-24 03:19:23,25
2017-08-24 03:19:23,50
2017-08-24 03:19:23,7.02
2017-08-24 03:19:23,2
2017-08-24 03:19:22,5.71
2017-08-24 03:19:22,30.79
2017-08-24 03:19:22,80.95
2017-08-24 03:19:22,44.4
2017-08-24 03:19:22,54.9
2017-08-24 03:19:22,2.34
2017-08-24 03:19:22,10.78
2017-08-24 03:19:22,980
2017-08-24 03:19:22,155.98
2017-08-24 03:19:22,95.35
2017-08-24 03:19:22,2.28
2017-08-24 03:19:22,2.27
2017-08-24 03:19:22,2.44
2017-08-24 03:19:22,0.76
2017-08-24 03:19:22,17.13
2017-08-24 03:19:22,1
2017-08-24 03:19:22,96
2017-08-24 03:19:22,20
2017-08-24 03:19:22,9.85
2017-08-24 03:19:22,214.16
2017-08-24 03:19:22,70
2017-08-24 03:19:22,30.83
2017-08-24 03:19:22,19.99
2017-08-24 03:19:22,9.99
2017-08-24 03:19:22,39.95
2017-08-24 03:19:22,95.35
2017-08-24 03:19:22,20
2017-08-24 03:19:22,6.99
2017-08-24 03:19:22,91.8
2017-08-24 03:19:22,0.89
2017-08-24 03:19:22,1.69
2017-08-24 03:19:22,153.76
2017-08-24 03:19:22,42.94
2017-08-24 03:19:22,17
2017-08-24 03:19:22,49.15
2017-08-24 03:19:22,0
2017-08-24 03:19:22,6.61
2017-08-24 03:19:22,24.9
2017-08-24 03:19:22,0
2017-08-24 03:19:22,9.99
2017-08-24 03:19:22,22.3
2017-08-24 03:19:22,339.09
2017-08-24 03:19:22,39.9
2017-08-24 03:19:22,44.43
2017-08-24 03:19:22,1.52
2017-08-24 03:19:22,39.95
2017-08-24 03:19:22,1055.12
2017-08-24 03:19:22,6.99
2017-08-24 03:19:22,212.6
2017-08-24 03:19:22,3.84
2017-08-24 03:19:22,29.5
2017-08-24 03:19:22,3.79
2017-08-24 03:19:22,1.98
2017-08-24 03:19:22,16.99
2017-08-24 03:19:22,0.99
2017-08-24 03:19:22,6.97
2017-08-24 03:19:21,240.58
2017-08-24 03:19:21,46.73
2017-08-24 03:19:21,6.99
2017-08-24 03:19:21,80.5
2017-08-24 03:19:21,12.99
2017-08-24 03:19:21,17.99
2017-08-24 03:19:21,156.2
2017-08-24 03:19:21,2.97
2017-08-24 03:19:21,79
2017-08-24 03:19:21,18.06
2017-08-24 03:19:21,500
2017-08-24 03:19:21,1.98
2017-08-24 03:19:21,42.13
2017-08-24 03:19:21,83.9
2017-08-24 03:19:21,2.27
2017-08-24 03:19:21,1.69
2017-08-24 03:19:21,10.12
2017-08-24 03:19:21,21.57
2017-08-24 03:19:21,6.49
2017-08-24 03:19:21,12.99
2017-08-24 03:19:21,6.99
2017-08-24 03:19:21,286.58
2017-08-24 03:19:21,38.2
2017-08-24 03:19:21,1
2017-08-24 03:19:21,9.99
2017-08-24 03:19:21,0.77
2017-08-24 03:19:21,79.95
2017-08-24 03:19:21,22.19
2017-08-24 03:19:21,0
2017-08-24 03:19:21,29.95
2017-08-24 03:19:21,15.99
2017-08-24 03:19:21,8.9
2017-08-24 03:19:21,21.5
2017-08-24 03:19:21,14.98
2017-08-24 03:19:21,1.46
2017-08-24 03:19:21,96.51
2017-08-24 03:19:21,158
2017-08-24 03:19:21,107.94
2017-08-24 03:19:21,25
2017-08-24 03:19:21,431
2017-08-24 03:19:21,34.12
2017-08-24 03:19:21,1.79
2017-08-24 03:19:21,0.76
2017-08-24 03:19:21,39.14
2017-08-24 03:19:21,5.99
2017-08-24 03:19:21,1.9
2017-08-24 03:19:21,26.55
2017-08-24 03:19:21,130
2017-08-24 03:19:21,89.98
2017-08-24 03:19:21,48.8
2017-08-24 03:19:21,6
2017-08-24 03:19:21,10.92
2017-08-24 03:19:21,16.25
2017-08-24 03:19:21,236.6
2017-08-24 03:19:20,96
2017-08-24 03:19:20,370.76
2017-08-24 03:19:20,14.99
2017-08-24 03:19:20,168
2017-08-24 03:19:20,8.34
2017-08-24 03:19:20,642.45
2017-08-24 03:19:20,1
2017-08-24 03:19:20,305.85
2017-08-24 03:19:20,19
2017-08-24 03:19:20,185.82
2017-08-24 03:19:20,1.23
2017-08-24 03:19:20,14.99
2017-08-24 03:19:20,3.79
2017-08-24 03:19:20,5.46
2017-08-24 03:19:20,7.8
2017-08-24 03:19:20,19
2017-08-24 03:19:20,1321.12
2017-08-24 03:19:20,9.99
2017-08-24 03:19:20,25
2017-08-24 03:19:20,375
2017-08-24 03:19:20,19.99
2017-08-24 03:19:20,57.48
2017-08-24 03:19:20,0.99
2017-08-24 03:19:20,12.31
2017-08-24 03:19:20,24.99
2017-08-24 03:19:20,13.08
2017-08-24 03:19:20,120
2017-08-24 03:19:20,32.55
2017-08-24 03:19:20,2.24
2017-08-24 03:19:20,227.39
2017-08-24 03:19:20,11.29
2017-08-24 03:19:20,265.38
2017-08-24 03:19:20,1.98
2017-08-24 03:19:20,9.95
2017-08-24 03:19:20,49.99
2017-08-24 03:19:20,20.02
2017-08-24 03:19:20,61.22
2017-08-24 03:19:20,1.08
2017-08-24 03:19:20,0.02
2017-08-24 03:19:20,41.1
2017-08-24 03:19:20,1.78
2017-08-24 03:19:20,0.89
2017-08-24 03:19:20,14.3
2017-08-24 03:19:20,12
2017-08-24 03:19:20,8.94
2017-08-24 03:19:19,8.93
2017-08-24 03:19:19,84.27
2017-08-24 03:19:19,1.98
2017-08-24 03:19:19,10
2017-08-24 03:19:19,9.99
2017-08-24 03:19:19,75.37
2017-08-24 03:19:19,12.14
2017-08-24 03:19:19,177
2017-08-24 03:19:19,3.99
2017-08-24 03:19:19,1.79
2017-08-24 03:19:19,37.73
2017-08-24 03:19:19,5.99
2017-08-24 03:19:19,56
2017-08-24 03:19:19,3.59
2017-08-24 03:19:19,38.44
2017-08-24 03:19:19,39
2017-08-24 03:19:19,14
2017-08-24 03:19:19,0.74
2017-08-24 03:19:19,5
2017-08-24 03:19:19,49.9
2017-08-24 03:19:19,340.53
2017-08-24 03:19:19,189.49
2017-08-24 03:19:19,5.36
2017-08-24 03:19:19,168
2017-08-24 03:19:19,20
2017-08-24 03:19:19,1.9
2017-08-24 03:19:19,13.08
2017-08-24 03:19:19,1.98
2017-08-24 03:19:19,293.44
2017-08-24 03:19:19,468
2017-08-24 03:19:19,1.78
2017-08-24 03:19:19,8.99
2017-08-24 03:19:19,5
2017-08-24 03:19:19,44.1
2017-08-24 03:19:19,45
2017-08-24 03:19:19,187
2017-08-24 03:19:19,1.46
2017-08-24 03:19:19,7.95
2017-08-24 03:19:19,2540.42
2017-08-24 03:19:19,29.99
2017-08-24 03:19:19,107.26
2017-08-24 03:19:19,46.4
2017-08-24 03:19:19,1
2017-08-24 03:19:19,308.98
2017-08-24 03:19:19,134.12
2017-08-24 03:19:19,1.29
2017-08-24 03:19:19,9.99
2017-08-24 03:19:19,49.9
2017-08-24 03:19:19,288.45
2017-08-24 03:19:19,120
2017-08-24 03:19:19,59.16
2017-08-24 03:19:19,1.79
2017-08-24 03:19:19,114.89
2017-08-24 03:19:19,5.99
2017-08-24 03:19:19,1.29
2017-08-24 03:19:19,0.76
2017-08-24 03:19:19,0.92
2017-08-24 03:19:19,6.39
2017-08-24 03:19:19,20
2017-08-24 03:19:19,178.84
2017-08-24 03:19:19,0.89
2017-08-24 03:19:19,1.98
2017-08-24 03:19:18,12.14
2017-08-24 03:19:18,263.73
2017-08-24 03:19:18,20
2017-08-24 03:19:18,58.57
2017-08-24 03:19:18,98.61
2017-08-24 03:19:18,2.69
2017-08-24 03:19:18,136.89
2017-08-24 03:19:18,35.54
2017-08-24 03:19:18,14.32
2017-08-24 03:19:18,200
2017-08-24 03:19:18,9.87
2017-08-24 03:19:18,12.42
2017-08-24 03:19:18,17.99
2017-08-24 03:19:18,624.03
2017-08-24 03:19:18,396.28
2017-08-24 03:19:18,146.06
2017-08-24 03:19:18,1.88
2017-08-24 03:19:18,2.15
2017-08-24 03:19:18,8.49
2017-08-24 03:19:18,37.98
2017-08-24 03:19:18,199.97
2017-08-24 03:19:18,49.59
2017-08-24 03:19:18,1
2017-08-24 03:19:18,6
2017-08-24 03:19:18,0.99
2017-08-24 03:19:18,278
2017-08-24 03:19:18,6.24
2017-08-24 03:19:18,3.08
2017-08-24 03:19:18,7.55
2017-08-24 03:19:18,12.85
2017-08-24 03:19:18,47.93
2017-08-24 03:19:18,3.25
2017-08-24 03:19:18,215.65
2017-08-24 03:19:18,8.99
2017-08-24 03:19:18,2.69
2017-08-24 03:19:18,143.62
2017-08-24 03:19:18,19.28
2017-08-24 03:19:18,8.65
2017-08-24 03:19:18,1
2017-08-24 03:19:18,487.94
2017-08-24 03:19:18,1
2017-08-24 03:19:18,1
2017-08-24 03:19:18,1
2017-08-24 03:19:18,38.44
2017-08-24 03:19:18,1
2017-08-24 03:19:18,1
2017-08-24 03:19:18,1
2017-08-24 03:19:18,1
2017-08-24 03:19:18,1
2017-08-24 03:19:18,56.75
2017-08-24 03:19:18,1
2017-08-24 03:19:18,15
2017-08-24 03:19:18,1
2017-08-24 03:19:18,1
2017-08-24 03:19:18,1
2017-08-24 03:19:18,1
2017-08-24 03:19:18,1
2017-08-24 03:19:18,1
2017-08-24 03:19:18,1
2017-08-24 03:19:18,1
2017-08-24 03:19:18,5.99
2017-08-24 03:19:18,1
2017-08-24 03:19:18,46.94
2017-08-24 03:19:18,1
2017-08-24 03:19:18,0.85
2017-08-24 03:19:17,1
2017-08-24 03:19:17,1
2017-08-24 03:19:17,1
2017-08-24 03:19:17,1
2017-08-24 03:19:17,1
2017-08-24 03:19:17,1
2017-08-24 03:19:17,1
2017-08-24 03:19:17,1
2017-08-24 03:19:17,8.99
2017-08-24 03:19:17,1
2017-08-24 03:19:17,1
2017-08-24 03:19:17,48.59
2017-08-24 03:19:17,20
2017-08-24 03:19:17,1
2017-08-24 03:19:17,1
2017-08-24 03:19:17,1
2017-08-24 03:19:17,1
2017-08-24 03:19:17,24.9
2017-08-24 03:19:17,1
2017-08-24 03:19:17,56
2017-08-24 03:19:17,1
2017-08-24 03:19:17,1
2017-08-24 03:19:17,1
2017-08-24 03:19:17,1
2017-08-24 03:19:17,1
2017-08-24 03:19:17,1
2017-08-24 03:19:17,4.56
2017-08-24 03:19:17,1
2017-08-24 03:19:17,1
2017-08-24 03:19:17,26.48
2017-08-24 03:19:17,1
2017-08-24 03:19:17,1
2017-08-24 03:19:17,218.59
2017-08-24 03:19:17,1
2017-08-24 03:19:17,1.98
2017-08-24 03:19:17,1
2017-08-24 03:19:17,1
2017-08-24 03:19:17,1
2017-08-24 03:19:17,1
2017-08-24 03:19:17,1.98
2017-08-24 03:19:17,1
2017-08-24 03:19:17,1
2017-08-24 03:19:17,9.87
2017-08-24 03:19:17,31.69
2017-08-24 03:19:17,1
2017-08-24 03:19:17,109.85
2017-08-24 03:19:17,50
2017-08-24 03:19:17,59.18
2017-08-24 03:19:17,17.43
2017-08-24 03:19:17,9.99
2017-08-24 03:19:17,17.02
2017-08-24 03:19:17,49.95
2017-08-24 03:19:17,3.9
2017-08-24 03:19:17,356.95
2017-08-24 03:19:17,31.98
2017-08-24 03:19:17,71
2017-08-24 03:19:17,14.9
2017-08-24 03:19:17,9.72
2017-08-24 03:19:17,180
2017-08-24 03:19:17,9.95
2017-08-24 03:19:17,43.84
2017-08-24 03:19:17,17.96
2017-08-24 03:19:17,313.24
2017-08-24 03:19:17,166.74
2017-08-24 03:19:17,123.5
2017-08-24 03:19:17,170.55
2017-08-24 03:19:17,10.97
2017-08-24 03:19:17,20
2017-08-24 03:19:17,1.29
2017-08-24 03:19:17,20
2017-08-24 03:19:17,25
2017-08-24 03:19:17,12.14
2017-08-24 03:19:17,8.99
2017-08-24 03:19:17,35.78
2017-08-24 03:19:17,1
2017-08-24 03:19:17,1
2017-08-24 03:19:17,1
2017-08-24 03:19:17,1.79
2017-08-24 03:19:17,1
2017-08-24 03:19:17,1
2017-08-24 03:19:17,2909.97
2017-08-24 03:19:17,19.95
2017-08-24 03:19:17,45
2017-08-24 03:19:17,31.9
2017-08-24 03:19:17,1.98
2017-08-24 03:19:17,8.82
2017-08-24 03:19:17,126.81
2017-08-24 03:19:17,20
2017-08-24 03:19:17,78
2017-08-24 03:19:17,17.99
2017-08-24 03:19:16,349.26
2017-08-24 03:19:16,0.68
2017-08-24 03:19:16,111.38
2017-08-24 03:19:16,97.77
2017-08-24 03:19:16,72.13
2017-08-24 03:19:16,16.38
2017-08-24 03:19:16,1.79
2017-08-24 03:19:16,250.58
2017-08-24 03:19:16,10.41
2017-08-24 03:19:16,11.53
2017-08-24 03:19:16,142.5
2017-08-24 03:19:16,83.5
2017-08-24 03:19:16,9.09
2017-08-24 03:19:16,9.95
2017-08-24 03:19:16,0.77
2017-08-24 03:19:16,518.08
2017-08-24 03:19:16,17.99
2017-08-24 03:19:16,19.71
2017-08-24 03:19:16,38.7
2017-08-24 03:19:16,24.55
2017-08-24 03:19:16,3.84
2017-08-24 03:19:16,56.28
2017-08-24 03:19:16,15.18
2017-08-24 03:19:16,1.98
2017-08-24 03:19:16,3.99
2017-08-24 03:19:16,12.26
2017-08-24 03:19:16,668.5
2017-08-24 03:19:16,12.84
2017-08-24 03:19:16,0.76
2017-08-24 03:19:16,35
2017-08-24 03:19:16,227.35
2017-08-24 03:19:16,10
2017-08-24 03:19:16,39.05
2017-08-24 03:19:16,18.99
2017-08-24 03:19:16,1.54
2017-08-24 03:19:16,1.79
2017-08-24 03:19:16,13.2
2017-08-24 03:19:16,10.98
2017-08-24 03:19:16,0.99
2017-08-24 03:19:16,77.63
2017-08-24 03:19:16,0.99
2017-08-24 03:19:16,1
2017-08-24 03:19:16,176.94
2017-08-24 03:19:16,8.36
2017-08-24 03:19:16,116.9
2017-08-24 03:19:16,1939.3
2017-08-24 03:19:16,0.99
2017-08-24 03:19:16,53.7
2017-08-24 03:19:16,34.52
2017-08-24 03:19:15,3.99
2017-08-24 03:19:15,29.9
2017-08-24 03:19:15,45
2017-08-24 03:19:15,8.99
2017-08-24 03:19:15,3.03
2017-08-24 03:19:15,7.49
2017-08-24 03:19:15,7.58
2017-08-24 03:19:15,3.81
2017-08-24 03:19:15,3.7
2017-08-24 03:19:15,22.34
2017-08-24 03:19:15,0.89
2017-08-24 03:19:15,1.98
2017-08-24 03:19:15,10.97
2017-08-24 03:19:15,98.59
2017-08-24 03:19:15,8.99
2017-08-24 03:19:15,1.59
2017-08-24 03:19:15,9.99
2017-08-24 03:19:15,2.25
2017-08-24 03:19:15,168
2017-08-24 03:19:15,46.4
2017-08-24 03:19:15,9.86
2017-08-24 03:19:15,12.14
2017-08-24 03:19:15,165.8
2017-08-24 03:19:15,9.44
2017-08-24 03:19:15,46.99
2017-08-24 03:19:15,1
2017-08-24 03:19:15,1.98
2017-08-24 03:19:15,1.79
2017-08-24 03:19:15,281.15
2017-08-24 03:19:15,11.5
2017-08-24 03:19:15,6
2017-08-24 03:19:15,31.05
2017-08-24 03:19:15,11.5
2017-08-24 03:19:15,1.98
2017-08-24 03:19:15,2.3
2017-08-24 03:19:15,23.06
2017-08-24 03:19:15,20
2017-08-24 03:19:15,1.79
2017-08-24 03:19:15,14.41
2017-08-24 03:19:15,0.99
2017-08-24 03:19:15,9.99
2017-08-24 03:19:15,69
2017-08-24 03:19:15,19.99
2017-08-24 03:19:15,52.75
2017-08-24 03:19:15,9.98
2017-08-24 03:19:15,28.98
2017-08-24 03:19:15,21.97
2017-08-24 03:19:15,21.97
2017-08-24 03:19:15,21.97
2017-08-24 03:19:15,13.98
2017-08-24 03:19:15,13.98
2017-08-24 03:19:15,13.98
2017-08-24 03:19:15,8.79
2017-08-24 03:19:15,8.79
2017-08-24 03:19:15,8.79
2017-08-24 03:19:15,56.22
2017-08-24 03:19:15,25.29
2017-08-24 03:19:15,17.79
2017-08-24 03:19:15,2.69
2017-08-24 03:19:15,8.99
2017-08-24 03:19:15,0.99
2017-08-24 03:19:15,49.02
2017-08-24 03:19:14,12.99
2017-08-24 03:19:14,0.89
2017-08-24 03:19:14,24.97
2017-08-24 03:19:14,11
2017-08-24 03:19:14,2.99
2017-08-24 03:19:14,99.65
2017-08-24 03:19:14,1
2017-08-24 03:19:14,334.96
2017-08-24 03:19:14,6.56
2017-08-24 03:19:14,0
2017-08-24 03:19:14,4.49
2017-08-24 03:19:14,89.89
2017-08-24 03:19:14,11.5
2017-08-24 03:19:14,12.99
2017-08-24 03:19:14,212
2017-08-24 03:19:14,151.67
2017-08-24 03:19:14,9.99
2017-08-24 03:19:14,9.51
2017-08-24 03:19:14,1.29
2017-08-24 03:19:14,178.75
2017-08-24 03:19:14,78
2017-08-24 03:19:14,1.79
2017-08-24 03:19:14,17.45
2017-08-24 03:19:14,13.46
2017-08-24 03:19:14,9.99
2017-08-24 03:19:14,6
2017-08-24 03:19:14,121.34
2017-08-24 03:19:14,19.99
2017-08-24 03:19:14,16.15
2017-08-24 03:19:14,5.32
2017-08-24 03:19:14,1.98
2017-08-24 03:19:14,157.2
2017-08-24 03:19:14,14.39
2017-08-24 03:19:14,1.98
2017-08-24 03:19:14,7.99
2017-08-24 03:19:14,0.89
2017-08-24 03:19:14,12.99
2017-08-24 03:19:14,7.79
2017-08-24 03:19:14,84.06
2017-08-24 03:19:14,850.15
2017-08-24 03:19:14,35.99
2017-08-24 03:19:14,35.99
2017-08-24 03:19:14,19.99
2017-08-24 03:19:14,19.99
2017-08-24 03:19:14,12.99
2017-08-24 03:19:14,2.23
2017-08-24 03:19:14,30.31
2017-08-24 03:19:14,120
2017-08-24 03:19:14,1.46
2017-08-24 03:19:13,85
2017-08-24 03:19:13,80
2017-08-24 03:19:13,5.99
2017-08-24 03:19:13,12.99
2017-08-24 03:19:13,20
2017-08-24 03:19:13,2.69
2017-08-24 03:19:13,0.89
2017-08-24 03:19:13,2.69
2017-08-24 03:19:13,84.99
2017-08-24 03:19:13,50.74
2017-08-24 03:19:13,12.99
2017-08-24 03:19:13,4.63
2017-08-24 03:19:13,10.98
2017-08-24 03:19:13,24.15
2017-08-24 03:18:38,239.93
2017-08-24 03:17:56,59
2017-08-24 03:17:47,1
2017-08-24 03:17:47,1
2017-08-24 03:17:47,1
2017-08-24 03:17:47,1
2017-08-24 03:17:47,1
2017-08-24 03:17:46,1
2017-08-24 03:17:45,1
2017-08-24 03:17:43,1
2017-08-24 03:17:41,1
2017-08-24 03:17:38,1
2017-08-24 03:17:36,1
2017-08-24 03:17:32,1
2017-08-24 03:17:32,1
2017-08-24 03:17:32,1
2017-08-24 03:17:30,1
2017-08-24 03:17:29,1
2017-08-24 03:17:27,1
2017-08-24 03:17:26,1.1
2017-08-24 03:17:25,1
2017-08-24 03:17:24,1
2017-08-24 03:17:21,1809.68
2017-08-24 03:16:48,1
2017-08-24 03:16:48,1
2017-08-24 03:16:47,1
2017-08-24 03:16:39,1
2017-08-24 03:16:39,1
2017-08-24 03:16:31,0
2017-08-24 03:16:31,30.39
2017-08-24 03:16:26,179.66
2017-08-24 03:16:23,1
2017-08-24 03:16:14,1
2017-08-24 03:16:10,1
2017-08-24 03:15:58,1
2017-08-24 03:15:57,1
2017-08-24 03:15:29,11.39
2017-08-24 03:15:06,3.79
2017-08-24 03:15:05,3.79
2017-08-24 03:15:05,3.93
2017-08-24 03:15:00,1
2017-08-24 03:14:55,766.36
2017-08-24 03:14:51,1218.89
2017-08-24 03:14:46,1
2017-08-24 03:14:41,188.78
2017-08-24 03:14:41,1
2017-08-24 03:14:23,1
2017-08-24 03:14:19,1
2017-08-24 03:14:14,1
2017-08-24 03:14:12,1
2017-08-24 03:14:04,1
2017-08-24 03:14:02,1
2017-08-24 03:13:56,1
2017-08-24 03:13:51,1
2017-08-24 03:12:54,3.12
2017-08-24 03:12:53,99.99
2017-08-24 03:12:52,99.99
2017-08-24 03:12:52,99.99
2017-08-24 03:12:49,3.76
2017-08-24 03:12:30,99.99
2017-08-24 03:12:30,99.99
2017-08-24 03:12:29,99.99
2017-08-24 03:12:25,99.99
2017-08-24 03:12:25,99.99
2017-08-24 03:12:24,99.99
2017-08-24 03:12:24,99.99
2017-08-24 03:12:23,99.99
2017-08-24 03:12:20,99.99
2017-08-24 03:12:19,99.99
2017-08-24 03:12:19,99.99
2017-08-24 03:12:18,99.99
2017-08-24 03:12:09,23.36
2017-08-24 03:12:03,99.99
2017-08-24 03:12:02,730.86
2017-08-24 03:11:55,99.99
2017-08-24 03:11:55,99.99
2017-08-24 03:11:54,99.99
2017-08-24 03:11:54,99.99
2017-08-24 03:11:53,99.99
2017-08-24 03:11:40,0.68
2017-08-24 03:11:40,0.68
2017-08-24 03:11:37,0.68
2017-08-24 03:11:36,30.3
2017-08-24 03:11:18,104.81
2017-08-24 03:10:48,0
2017-08-24 03:10:47,717.15
2017-08-24 03:10:22,19.02
2017-08-24 03:10:17,1.52
2017-08-24 03:10:15,18.96
2017-08-24 03:10:14,125.3
2017-08-24 03:10:14,19.02
2017-08-24 03:09:59,0.76
2017-08-24 03:09:56,60.6
2017-08-24 03:09:55,7.61
2017-08-24 03:09:54,1
2017-08-24 03:09:54,9.13
2017-08-24 03:09:54,4.56
2017-08-24 03:09:53,14.46
2017-08-24 03:09:53,111.7
2017-08-24 03:09:50,111.7
2017-08-24 03:09:33,12.31
2017-08-24 03:08:50,776.83
2017-08-24 03:08:44,1
2017-08-24 03:08:41,1
2017-08-24 03:08:35,1
2017-08-24 03:08:33,1
2017-08-24 03:08:31,0.76
2017-08-24 03:08:31,0.76
2017-08-24 03:08:31,112.33
2017-08-24 03:08:27,3.79
2017-08-24 03:08:27,340.11
2017-08-24 03:08:27,88.23
2017-08-24 03:08:26,5.3
2017-08-24 03:08:26,83.38
2017-08-24 03:08:26,11.38
2017-08-24 03:08:26,1.52
2017-08-24 03:08:26,88.23
2017-08-24 03:08:26,30.26
2017-08-24 03:08:25,459.07
2017-08-24 03:08:25,0
2017-08-24 03:08:25,118.3
2017-08-24 03:08:25,45.49
2017-08-24 03:08:25,173.07
2017-08-24 03:08:24,37.32
2017-08-24 03:08:24,59.68
2017-08-24 03:08:24,0.76
2017-08-24 03:08:24,9.99
2017-08-24 03:08:23,34.12
2017-08-24 03:08:23,273.01
2017-08-24 03:08:22,106.55
2017-08-24 03:08:21,364.19
2017-08-24 03:08:19,39.45
2017-08-24 03:08:19,53.95
2017-08-24 03:08:18,172.32
2017-08-24 03:08:17,802.52
2017-08-24 03:08:16,99.99
2017-08-24 03:08:15,139.9
2017-08-24 03:08:15,1
2017-08-24 03:08:13,1
2017-08-24 03:08:08,1
2017-08-24 03:08:05,1
2017-08-24 03:07:56,1
2017-08-24 03:07:56,648
2017-08-24 03:07:55,204.27
2017-08-24 03:07:50,88
2017-08-24 03:07:48,24.9
2017-08-24 03:07:33,1
2017-08-24 03:07:30,1
2017-08-24 03:07:15,1
2017-08-24 03:07:14,105.99
2017-08-24 03:07:13,1
2017-08-24 03:07:05,1
2017-08-24 03:07:03,1
2017-08-24 03:06:50,1
2017-08-24 03:06:40,0.76
2017-08-24 03:06:35,7.58
2017-08-24 03:06:34,0.76
2017-08-24 03:06:33,0.76
2017-08-24 03:06:26,208.58
2017-08-24 03:06:24,1
2017-08-24 03:06:18,19.73
2017-08-24 03:05:59,360
2017-08-24 03:05:47,99.99
2017-08-24 03:05:46,99.99
2017-08-24 03:05:41,99.99
2017-08-24 03:05:40,99.99
2017-08-24 03:05:40,99.99
2017-08-24 03:05:12,519.9
2017-08-24 03:05:10,0.76
2017-08-24 03:05:09,0.76
2017-08-24 03:05:08,1.18
2017-08-24 03:05:02,8
2017-08-24 03:04:58,0
2017-08-24 03:04:57,112.45
2017-08-24 03:04:54,261.87
2017-08-24 03:04:38,1.79
2017-08-24 03:04:31,1
2017-08-24 03:04:31,0.83
2017-08-24 03:04:26,0.83
2017-08-24 03:04:26,130.44
2017-08-24 03:04:23,311.91
2017-08-24 03:04:18,170.92
2017-08-24 03:04:09,153.46
2017-08-24 03:04:08,7.52
2017-08-24 03:04:06,1
2017-08-24 03:04:04,5
2017-08-24 03:04:02,0.01
2017-08-24 03:04:02,444.17
2017-08-24 03:04:00,1
2017-08-24 03:03:45,1
2017-08-24 03:03:45,1
2017-08-24 03:03:43,1.75
2017-08-24 03:03:42,5.09
2017-08-24 03:03:42,270
2017-08-24 03:03:35,113.92
2017-08-24 03:03:32,45.64
2017-08-24 03:03:29,1389.56
2017-08-24 03:03:23,18.98
2017-08-24 03:03:18,6.27
2017-08-24 03:03:16,319.2
2017-08-24 03:03:15,5.91
2017-08-24 03:03:07,454.82
2017-08-24 03:02:54,101.5
2017-08-24 03:02:45,19.04
2017-08-24 03:02:38,6.62
2017-08-24 03:02:38,180
2017-08-24 03:02:34,1
2017-08-24 03:02:33,1.1
2017-08-24 03:02:31,1402.16
2017-08-24 03:02:13,290.18
2017-08-24 03:02:04,294.9
2017-08-24 03:01:59,1
2017-08-24 03:01:58,0
2017-08-24 03:01:56,0
2017-08-24 03:01:53,720.38
2017-08-24 03:01:43,31.91
2017-08-24 03:01:43,1354.25
2017-08-24 03:01:37,98.01
2017-08-24 03:01:34,101.5
2017-08-24 03:01:32,7.53
2017-08-24 03:01:13,489.71
2017-08-24 03:01:06,549.06
2017-08-24 03:01:02,320
2017-08-24 03:00:56,1
2017-08-24 03:00:56,1
2017-08-24 03:00:56,1
2017-08-24 03:00:56,1
2017-08-24 03:00:56,1
2017-08-24 03:00:56,1
2017-08-24 03:00:53,19.59
2017-08-24 03:00:36,1
2017-08-24 03:00:25,227.3
2017-08-24 03:00:22,3.79
2017-08-24 03:00:21,318.11
2017-08-24 03:00:17,824.83
2017-08-24 03:00:12,0.76
2017-08-24 03:00:09,426.4
2017-08-24 02:59:47,238.9
2017-08-24 02:59:39,45.03
2017-08-24 02:59:29,16.48
2017-08-24 02:59:17,76.94
2017-08-24 02:59:15,311.28
2017-08-24 02:59:02,30.14
2017-08-24 02:58:53,29.95
2017-08-24 02:58:53,124.53
2017-08-24 02:58:48,99.85
2017-08-24 02:58:46,99.9
2017-08-24 02:58:36,219.8
2017-08-24 02:58:32,254.76
2017-08-24 02:58:32,1
2017-08-24 02:58:32,1
2017-08-24 02:58:31,1
2017-08-24 02:58:31,1
2017-08-24 02:58:27,129
2017-08-24 02:58:26,1
2017-08-24 02:58:26,1
2017-08-24 02:58:26,1
2017-08-24 02:58:19,106.9
2017-08-24 02:58:00,60
2017-08-24 02:57:47,0.2
2017-08-24 02:57:16,7.57
2017-08-24 02:57:01,1
2017-08-24 02:56:34,1
2017-08-24 02:56:29,0
2017-08-24 02:56:29,0
2017-08-24 02:56:29,512.25
2017-08-24 02:56:29,512.25
2017-08-24 02:56:21,12.31
2017-08-24 02:56:19,354.33
2017-08-24 02:56:13,2
2017-08-24 02:56:11,0
2017-08-24 02:56:11,0
2017-08-24 02:56:11,252.92
2017-08-24 02:56:11,252.92
2017-08-24 02:56:06,1
2017-08-24 02:56:06,240.77
2017-08-24 02:56:01,1
2017-08-24 02:56:01,310.42
2017-08-24 02:55:53,323.77
2017-08-24 02:55:39,451.27
2017-08-24 02:55:28,829.41
2017-08-24 02:55:15,1.18
2017-08-24 02:55:14,9.21
2017-08-24 02:54:41,6.99
2017-08-24 02:54:35,38.76
2017-08-24 02:54:29,52.69
2017-08-24 02:54:27,1
2017-08-24 02:54:27,1
2017-08-24 02:54:27,261.22
2017-08-24 02:54:18,18
2017-08-24 02:54:17,600.73
2017-08-24 02:53:50,1
2017-08-24 02:53:49,75.86
2017-08-24 02:53:49,8.54
2017-08-24 02:53:49,0.01
2017-08-24 02:53:48,44.9
2017-08-24 02:53:48,44.9
2017-08-24 02:53:48,316.06
2017-08-24 02:53:48,316.06
2017-08-24 02:53:48,209.65
2017-08-24 02:53:48,78
2017-08-24 02:53:48,78
2017-08-24 02:53:48,188.52
2017-08-24 02:53:48,188.52
2017-08-24 02:53:48,30.31
2017-08-24 02:53:48,30.31
2017-08-24 02:53:48,104.03
2017-08-24 02:53:48,104.03
2017-08-24 02:53:48,1
2017-08-24 02:53:48,1
2017-08-24 02:53:47,37.93
2017-08-24 02:53:47,97
2017-08-24 02:53:46,11.4
2017-08-24 02:53:43,45.48
2017-08-24 02:53:40,1
2017-08-24 02:53:40,1
2017-08-24 02:53:40,1
2017-08-24 02:53:40,1
2017-08-24 02:53:40,1
2017-08-24 02:53:35,33.76
2017-08-24 02:53:30,571.48
2017-08-24 02:53:20,1.63
2017-08-24 02:53:19,1.63
2017-08-24 02:53:10,18.96
2017-08-24 02:53:08,33.59
2017-08-24 02:53:01,1
2017-08-24 02:52:54,8.64
2017-08-24 02:52:52,9.82
2017-08-24 02:52:02,2.28
2017-08-24 02:52:01,1
2017-08-24 02:51:57,0.76
2017-08-24 02:51:50,1
2017-08-24 02:51:48,0.92
2017-08-24 02:51:44,2.28
2017-08-24 02:51:39,147.87
2017-08-24 02:51:31,0
2017-08-24 02:51:27,22.04
2017-08-24 02:51:24,0
2017-08-24 02:51:24,104
2017-08-24 02:51:23,2.28
2017-08-24 02:51:23,0.01
2017-08-24 02:51:22,1
2017-08-24 02:51:22,346.94
2017-08-24 02:51:22,7.59
2017-08-24 02:51:21,0
2017-08-24 02:51:21,0
2017-08-24 02:51:21,119.74
2017-08-24 02:51:02,2.27
2017-08-24 02:49:31,0
2017-08-24 02:49:31,186.13
2017-08-24 02:49:18,1
2017-08-24 02:49:10,0.76
2017-08-24 02:49:10,80.22
2017-08-24 02:49:09,635.1
2017-08-24 02:47:44,17.06
2017-08-24 02:47:38,65
2017-08-24 02:46:57,105.89
2017-08-24 02:46:56,105.89
2017-08-24 02:46:12,144.62
2017-08-24 02:45:49,2125.87
2017-08-24 02:45:41,11
2017-08-24 02:45:34,45.51
2017-08-24 02:45:06,40
2017-08-24 02:44:59,3.22
2017-08-24 02:44:58,0
2017-08-24 02:44:49,25
2017-08-24 02:44:11,67.9
2017-08-24 02:44:11,93.35
2017-08-24 02:44:09,1
2017-08-24 02:44:06,175.9
2017-08-24 02:44:01,720.8
2017-08-24 02:43:59,7.18
2017-08-24 02:43:59,4.87
2017-08-24 02:43:57,80.9
2017-08-24 02:43:56,0
2017-08-24 02:43:51,2
2017-08-24 02:43:50,1
2017-08-24 02:43:50,362.55
2017-08-24 02:43:49,276.17
2017-08-24 02:43:29,723.21
2017-08-24 02:43:11,480.72
2017-08-24 02:43:01,1
2017-08-24 02:42:53,1335
2017-08-24 02:42:44,0
2017-08-24 02:42:40,130.21
2017-08-24 02:42:26,1
2017-08-24 02:42:26,925.31
2017-08-24 02:42:24,0
2017-08-24 02:42:21,345
2017-08-24 02:42:21,108.51
2017-08-24 02:42:17,84.28
2017-08-24 02:41:46,39.45
2017-08-24 02:41:18,0.01
2017-08-24 02:41:17,727.91
2017-08-24 02:41:14,22.47
2017-08-24 02:41:14,8.3
2017-08-24 02:41:03,120.54
2017-08-24 02:41:02,0.69
2017-08-24 02:41:00,723.21
2017-08-24 02:40:54,0.77
2017-08-24 02:40:54,592.9
2017-08-24 02:40:37,195.66
2017-08-24 02:40:33,4.49
2017-08-24 02:40:27,0.76
2017-08-24 02:40:21,324.59
2017-08-24 02:40:19,320.01
2017-08-24 02:40:19,2
2017-08-24 02:40:12,144.8
2017-08-24 02:40:10,0
2017-08-24 02:40:03,1
2017-08-24 02:40:02,1
2017-08-24 02:40:02,8.9
2017-08-24 02:40:02,1
2017-08-24 02:39:39,667.55
2017-08-24 02:39:39,0
2017-08-24 02:39:19,1.18
2017-08-24 02:39:19,2.22
2017-08-24 02:39:16,0.77
2017-08-24 02:39:13,94.82
2017-08-24 02:39:03,8
2017-08-24 02:38:54,996.27
2017-08-24 02:38:45,0
2017-08-24 02:38:45,1.59
2017-08-24 02:38:45,1.59
2017-08-24 02:38:45,0
2017-08-24 02:38:38,0.76
2017-08-24 02:38:38,0.76
2017-08-24 02:38:38,122.68
2017-08-24 02:38:28,0
2017-08-24 02:38:25,1
2017-08-24 02:38:19,1.1
2017-08-24 02:38:18,2
2017-08-24 02:38:18,17.39
2017-08-24 02:38:10,50
2017-08-24 02:38:10,237.26
2017-08-24 02:38:04,1
2017-08-24 02:37:57,9.29
2017-08-24 02:37:55,10.7
2017-08-24 02:37:41,0.01
2017-08-24 02:37:40,57.73
2017-08-24 02:37:39,1
2017-08-24 02:37:38,1
2017-08-24 02:37:38,1
2017-08-24 02:37:36,1
2017-08-24 02:37:34,1
2017-08-24 02:37:27,2.47
2017-08-24 02:37:26,357.95
2017-08-24 02:37:12,247.86
2017-08-24 02:37:10,51.37
2017-08-24 02:37:08,0
2017-08-24 02:37:03,0.76
2017-08-24 02:37:01,1504.93
2017-08-24 02:37:01,1096.99
2017-08-24 02:36:58,35
2017-08-24 02:36:56,6.74
2017-08-24 02:36:55,0.77
2017-08-24 02:36:48,0.77
2017-08-24 02:36:43,0.77
2017-08-24 02:36:40,3.9
2017-08-24 02:36:40,3.14
2017-08-24 02:36:40,7.06
2017-08-24 02:36:40,94.82
2017-08-24 02:36:38,0.77
2017-08-24 02:36:33,0.77
2017-08-24 02:36:21,187.11
2017-08-24 02:36:21,7.59
2017-08-24 02:36:12,4.97
2017-08-24 02:36:11,0.77
2017-08-24 02:35:49,296
2017-08-24 02:35:28,45.51
2017-08-24 02:35:25,4.9
2017-08-24 02:35:22,156
2017-08-24 02:35:17,4.69
2017-08-24 02:35:15,0.77
2017-08-24 02:35:13,1
2017-08-24 02:35:11,0.77
2017-08-24 02:35:11,127.14
2017-08-24 02:35:07,0.38
2017-08-24 02:34:33,39.98
2017-08-24 02:34:00,12.31
2017-08-24 02:33:46,0
2017-08-24 02:33:45,39.9
2017-08-24 02:33:32,634.3
2017-08-24 02:33:31,19.95
2017-08-24 02:33:24,349.08
2017-08-24 02:32:53,390
2017-08-24 02:32:50,0.76
2017-08-24 02:32:50,77.89
2017-08-24 02:32:40,245
2017-08-24 02:32:33,42.53
